frame,id,x1,y1,x2,y2,confidence,class
0,1,40.77348327636719,590.442626953125,206.61553955078125,882.1122436523438,0.9048635363578796,0
0,2,1632.617919921875,457.6082763671875,1744.228759765625,715.4110107421875,0.8641715049743652,0
0,3,238.34103393554688,401.1620788574219,326.7662353515625,634.660888671875,0.8446639776229858,0
0,4,1277.869384765625,385.56842041015625,1348.6806640625,596.7603759765625,0.8209804892539978,0
0,5,751.2628784179688,403.7279052734375,850.1962280273438,609.912109375,0.820235013961792,0
0,6,1779.953125,582.5947265625,1867.7225341796875,842.7216796875,0.7422688007354736,0
0,7,548.908447265625,365.1588134765625,612.2327270507812,559.5038452148438,0.5877981185913086,0
0,8,771.4077758789062,246.68190002441406,827.8976440429688,375.576904296875,0.43605199456214905,0
0,9,266.2306823730469,223.925048828125,341.8715515136719,365.682861328125,0.41384729743003845,0
0,10,1028.095458984375,189.96661376953125,1113.229736328125,356.4984130859375,0.390209436416626,0
0,11,547.427734375,363.98028564453125,633.5010375976562,570.364501953125,0.36580103635787964,0
0,12,828.3823852539062,230.7532501220703,896.3178100585938,363.78277587890625,0.3626086711883545,0
0,13,685.03076171875,237.21249389648438,741.7890625,380.2347106933594,0.3263392448425293,0
0,14,400.26324462890625,239.22091674804688,472.65179443359375,396.99737548828125,0.3068508803844452,0
0,15,618.5809326171875,244.53646850585938,694.1853637695312,385.67486572265625,0.3065303862094879,0
0,16,455.475341796875,241.28976440429688,523.6771240234375,392.9752197265625,0.2929792106151581,0
0,17,1867.2469482421875,990.6904296875,1919.2210693359375,1079.708740234375,0.2822836637496948,0
0,18,1674.26220703125,991.164306640625,1762.80029296875,1080.0,0.27103927731513977,0
1,1,34.611785888671875,590.102294921875,200.56515502929688,882.367919921875,0.9000434875488281,0
1,2,1633.127197265625,457.7255859375,1744.7884521484375,715.6433715820312,0.8660086393356323,0
1,3,238.89505004882812,398.9582214355469,327.71588134765625,633.6296997070312,0.8291844725608826,0
1,4,1278.7686767578125,385.4487609863281,1349.3580322265625,595.924072265625,0.8242293000221252,0
1,5,751.8754272460938,403.5439453125,849.8905639648438,607.9243774414062,0.8233071565628052,0
1,6,1779.4501953125,580.6668090820312,1868.2362060546875,843.7303466796875,0.7457633018493652,0
1,7,548.9142456054688,365.02630615234375,616.91357421875,573.6639404296875,0.3526087999343872,0
1,8,770.0847778320312,245.2145538330078,827.5726318359375,376.3413391113281,0.376159131526947,0
1,9,265.1927185058594,222.3777618408203,342.2468566894531,366.81744384765625,0.40821725130081177,0
1,10,1027.7286376953125,189.82125854492188,1113.023681640625,356.62628173828125,0.42396289110183716,0
1,11,546.6246948242188,364.76123046875,638.3591918945312,584.35009765625,0.7055497169494629,0
1,12,827.3400268554688,229.31895446777344,896.2952880859375,364.4294738769531,0.29569220542907715,0
1,13,685.109375,237.13571166992188,740.608154296875,376.8646240234375,0.2939440906047821,0
1,14,401.5347900390625,246.1175994873047,470.6153259277344,396.5085754394531,0.2536245286464691,0
1,15,617.8262939453125,245.7496337890625,693.0324096679688,386.11993408203125,0.3287363350391388,0
1,16,454.39898681640625,243.09922790527344,521.1395263671875,391.6544189453125,0.20258748531341553,0
1,17,1867.3564453125,991.2138671875,1919.031494140625,1079.7054443359375,0.25075897574424744,0
1,18,1673.6680908203125,991.0931396484375,1762.2904052734375,1080.0,0.26128289103507996,0
2,1,25.87248420715332,587.4674072265625,192.89060974121094,883.1373291015625,0.8791579604148865,0
2,2,1633.6580810546875,457.1640930175781,1745.6348876953125,715.8098754882812,0.8715620040893555,0
2,3,239.12557983398438,397.78997802734375,327.8849182128906,632.5969848632812,0.8536872863769531,0
2,4,1280.966064453125,388.9914245605469,1351.427490234375,598.6878662109375,0.8296764492988586,0
2,5,752.2246704101562,404.2799072265625,850.4314575195312,609.6720581054688,0.8282703161239624,0
2,6,1778.0447998046875,576.9224243164062,1868.3580322265625,844.3485717773438,0.7573143839836121,0
2,7,550.3045654296875,366.8937683105469,618.9317016601562,577.0892944335938,0.31327807903289795,0
2,8,769.1177368164062,245.23895263671875,826.498291015625,376.03338623046875,0.39628326892852783,0
2,9,263.74688720703125,222.31668090820312,340.80743408203125,366.75311279296875,0.3657985329627991,0
2,10,1025.9921875,189.37591552734375,1111.46923828125,356.6573486328125,0.4804483950138092,0
2,11,546.5809936523438,366.6106872558594,638.9114990234375,586.9071044921875,0.7508581280708313,0
2,12,824.2415771484375,229.68800354003906,892.9293823242188,364.5434875488281,0.28388670086860657,0
2,13,684.6491088867188,237.02613830566406,740.4379272460938,377.36553955078125,0.3148573338985443,0
2,14,399.1827087402344,245.96238708496094,468.64874267578125,397.0769958496094,0.22767813503742218,0
2,15,617.1871948242188,244.7988739013672,692.1345825195312,384.5984191894531,0.33425283432006836,0
2,16,453.8114013671875,243.2132568359375,520.5474853515625,391.84246826171875,0.22763985395431519,0
2,17,1867.632568359375,991.6646118164062,1918.979736328125,1079.57177734375,0.21290495991706848,0
2,18,1673.3590087890625,991.1553344726562,1761.9349365234375,1080.0,0.2574142515659332,0
3,1,16.090892791748047,586.933349609375,181.7569580078125,883.2828369140625,0.8313885927200317,0
3,2,1633.59228515625,456.97222900390625,1745.6104736328125,715.5748901367188,0.867728590965271,0
3,3,240.3385009765625,395.0856018066406,329.5062255859375,631.8831176757812,0.852048397064209,0
3,4,1282.2181396484375,391.3128356933594,1352.835205078125,601.3741455078125,0.8198395371437073,0
3,5,752.6245727539062,403.9571838378906,850.3967895507812,609.6563110351562,0.8366779088973999,0
3,6,1777.7376708984375,583.4874267578125,1867.3470458984375,848.0209350585938,0.8034409284591675,0
3,8,768.5804443359375,246.63209533691406,825.4195556640625,376.0078430175781,0.42565837502479553,0
3,9,261.6831359863281,220.8921356201172,339.5731201171875,366.9266357421875,0.31989726424217224,0
3,10,1025.4635009765625,189.1636962890625,1111.0819091796875,356.7856140136719,0.48832330107688904,0
3,11,547.648193359375,369.357177734375,640.197998046875,588.8047485351562,0.8014225363731384,0
3,12,822.9886474609375,230.2820587158203,891.2115478515625,364.3880920410156,0.3070466220378876,0
3,13,683.3168334960938,236.7919158935547,740.0366821289062,379.291015625,0.2519907057285309,0
3,14,397.9276428222656,248.33029174804688,466.4488220214844,397.279296875,0.20496635138988495,0
3,15,614.1018676757812,243.94737243652344,688.275390625,382.4290466308594,0.2908969521522522,0
3,16,453.1346130371094,243.75274658203125,519.5302734375,391.6173400878906,0.21414045989513397,0
3,17,1867.562255859375,991.591064453125,1918.94384765625,1079.5225830078125,0.2284221053123474,0
3,18,1672.08935546875,990.1535034179688,1761.6480712890625,1080.0,0.26357731223106384,0
4,1,1.7182409763336182,586.5064086914062,165.5238800048828,883.9497680664062,0.8101117014884949,0
4,2,1633.9349365234375,457.2933654785156,1745.8681640625,715.4599609375,0.8676775693893433,0
4,3,243.43731689453125,394.37799072265625,330.9797058105469,628.4210205078125,0.8505235910415649,0
4,4,1282.8883056640625,393.2648620605469,1353.798828125,603.9246826171875,0.8252250552177429,0
4,5,751.056640625,404.7972717285156,850.415771484375,615.604248046875,0.8126015663146973,0
4,6,1777.0714111328125,589.7531127929688,1867.237548828125,854.8153686523438,0.7872369289398193,0
4,8,767.4188232421875,247.0663299560547,824.186279296875,376.1382141113281,0.4321470558643341,0
4,9,260.6965026855469,221.76654052734375,338.90753173828125,368.2427062988281,0.2826615571975708,0
4,10,1025.4195556640625,189.10171508789062,1111.265380859375,357.0383605957031,0.49794456362724304,0
4,11,547.76318359375,368.5462646484375,641.4154663085938,588.9912719726562,0.7837542295455933,0
4,12,822.1417236328125,230.4967498779297,891.0021362304688,366.0053405761719,0.2682216465473175,0
4,13,683.4036865234375,236.57708740234375,739.4110107421875,376.70831298828125,0.2739044427871704,0
4,14,395.4046936035156,246.985595703125,464.35345458984375,396.63262939453125,0.2102680206298828,0
4,15,612.31396484375,244.90753173828125,686.1205444335938,382.6749267578125,0.32522299885749817,0
4,16,452.5294189453125,244.48583984375,519.0816650390625,392.24420166015625,0.22809351980686188,0
4,17,1867.4595947265625,991.8906860351562,1918.78271484375,1079.6448974609375,0.22331880033016205,0
4,18,1671.3746337890625,989.9371337890625,1761.138916015625,1080.0,0.2661745250225067,0
5,1,0.0,586.5176391601562,151.72288513183594,884.6200561523438,0.7891567349433899,0
5,2,1633.573974609375,457.81842041015625,1745.31591796875,715.2325439453125,0.8719598054885864,0
5,3,247.90151977539062,394.34210205078125,333.5235290527344,625.2654418945312,0.8567410111427307,0
5,4,1284.2591552734375,393.7273254394531,1355.8775634765625,605.8748779296875,0.8432639241218567,0
5,5,749.3541259765625,405.5589599609375,848.963134765625,618.9252319335938,0.7953725457191467,0
5,6,1774.355224609375,592.2942504882812,1866.8577880859375,862.5466918945312,0.7896165251731873,0
5,8,766.081298828125,246.84381103515625,822.7982177734375,375.4894104003906,0.429535835981369,0
5,9,259.17236328125,221.77427673339844,337.10284423828125,367.5404052734375,0.3389708697795868,0
5,10,1024.8116455078125,189.10252380371094,1110.6793212890625,357.0357666015625,0.5271154046058655,0
5,11,548.8148193359375,368.8274841308594,642.9514770507812,589.02978515625,0.7612193822860718,0
5,12,821.8798217773438,230.7104034423828,890.8413696289062,366.51092529296875,0.2847534716129303,0
5,13,682.19140625,236.87335205078125,738.8224487304688,377.9866943359375,0.29340723156929016,0
5,14,393.049072265625,240.1622314453125,465.2864074707031,397.2136535644531,0.20127353072166443,0
5,15,610.7589721679688,244.1949005126953,684.4412841796875,381.71044921875,0.3490862548351288,0
5,16,450.7747802734375,244.89366149902344,517.737548828125,392.9347229003906,0.2325095534324646,0
5,17,1867.559326171875,992.4664306640625,1918.608154296875,1079.6302490234375,0.2247444987297058,0
5,18,1670.8154296875,990.0354614257812,1760.47314453125,1080.0,0.25462043285369873,0
6,1,0.0,587.0438842773438,135.5780029296875,884.6447143554688,0.8389981985092163,0
6,2,1633.46630859375,457.0618896484375,1745.5987548828125,715.237060546875,0.8697976469993591,0
6,3,252.42532348632812,393.2708435058594,336.3940734863281,621.8192749023438,0.8496137857437134,0
6,4,1285.5721435546875,393.711181640625,1357.7027587890625,606.7988891601562,0.8452152013778687,0
6,5,747.1327514648438,406.2326354980469,846.9561767578125,622.6465454101562,0.8164147138595581,0
6,6,1769.81591796875,578.1871948242188,1868.809814453125,866.4344482421875,0.7823578715324402,0
6,8,765.15576171875,247.39178466796875,821.7376098632812,375.3689880371094,0.4942774474620819,0
6,9,257.7109069824219,221.79580688476562,335.6411437988281,367.2942199707031,0.3653958737850189,0
6,10,1023.3712158203125,189.25588989257812,1109.05810546875,357.1004638671875,0.46774834394454956,0
6,11,548.3446655273438,368.1585693359375,643.4828491210938,589.493408203125,0.821533203125,0
6,12,821.3765869140625,230.73434448242188,889.7483520507812,365.696533203125,0.32858335971832275,0
6,13,679.842529296875,236.53616333007812,738.0332641601562,381.463134765625,0.2756764590740204,0
6,14,391.33233642578125,237.35610961914062,464.2669677734375,396.2864990234375,0.21409423649311066,0
6,15,610.6175537109375,243.6904754638672,685.0274658203125,382.85382080078125,0.3778989613056183,0
6,16,448.99078369140625,245.54086303710938,515.432373046875,392.23974609375,0.2479916214942932,0
6,17,1867.1641845703125,992.375,1918.3685302734375,1079.6099853515625,0.21305695176124573,0
6,18,1670.4393310546875,990.0516357421875,1760.0830078125,1080.0,0.22818201780319214,0
7,1,0.0,589.0765380859375,125.62517547607422,884.7124633789062,0.8520926833152771,0
7,2,1633.104248046875,455.97900390625,1745.7642822265625,715.1702270507812,0.8661617040634155,0
7,3,256.71826171875,392.3528137207031,339.7054443359375,620.8995361328125,0.8406157493591309,0
7,4,1286.39111328125,393.6280517578125,1359.0101318359375,607.3770751953125,0.8537356853485107,0
7,5,746.86767578125,406.6611633300781,844.2669677734375,621.1251220703125,0.7965835332870483,0
7,6,1768.1529541015625,574.5603637695312,1869.701904296875,869.10400390625,0.7887301445007324,0
7,8,763.3156127929688,246.47683715820312,820.7955322265625,376.1971740722656,0.4792448580265045,0
7,9,256.3388671875,221.19349670410156,334.06640625,366.1682434082031,0.39368951320648193,0
7,10,1022.3856201171875,188.9527587890625,1108.0450439453125,356.8232421875,0.4742848575115204,0
7,11,550.5032348632812,366.3427429199219,647.2015380859375,593.0808715820312,0.7365918755531311,0
7,12,820.4567260742188,230.67153930664062,888.2958374023438,365.0401611328125,0.35088613629341125,0
7,13,678.5684204101562,236.373291015625,737.0535278320312,381.7828369140625,0.259933739900589,0
7,14,390.27569580078125,240.63572692871094,461.5891418457031,396.0374450683594,0.1901269406080246,0
7,15,609.56689453125,243.07154846191406,684.0089721679688,382.7312927246094,0.3407481014728546,0
7,16,445.5784606933594,244.97923278808594,511.928955078125,391.88525390625,0.2044069916009903,0
7,17,1866.9320068359375,992.5624389648438,1918.171142578125,1079.601318359375,0.1940314620733261,0
7,18,1669.6890869140625,989.833740234375,1759.482666015625,1080.0,0.2322111874818802,0
8,1,0.0,592.0955200195312,117.25631713867188,883.9613647460938,0.8189562559127808,0
8,2,1632.7340087890625,455.28369140625,1745.8106689453125,715.1268310546875,0.8633831143379211,0
8,3,261.0252990722656,391.4865417480469,342.799072265625,619.81591796875,0.8442828059196472,0
8,4,1288.0518798828125,393.98931884765625,1361.119384765625,607.5261840820312,0.8517732620239258,0
8,5,745.78955078125,406.9071350097656,843.4114379882812,626.0820922851562,0.820414125919342,0
8,6,1768.2164306640625,574.4439086914062,1871.419921875,873.0304565429688,0.7879467010498047,0
8,8,761.9606323242188,245.7201385498047,819.8374633789062,376.1138610839844,0.399856299161911,0
8,9,254.91650390625,218.65756225585938,333.537353515625,365.4472351074219,0.4431792199611664,0
8,10,1021.7477416992188,189.3024444580078,1107.3656005859375,357.1686096191406,0.4840066730976105,0
8,11,552.0288696289062,365.68756103515625,648.9002685546875,593.9927368164062,0.7449629902839661,0
8,12,819.4779663085938,229.89869689941406,887.3652954101562,364.8258972167969,0.37102988362312317,0
8,13,677.5140991210938,236.5229949951172,735.795654296875,381.4089660644531,0.2566867768764496,0
8,14,388.7789001464844,243.7156982421875,458.2640075683594,395.42950439453125,0.16683639585971832,0
8,15,607.80224609375,241.9478302001953,681.4434814453125,380.624755859375,0.3209333121776581,0
8,16,443.20172119140625,243.41641235351562,510.366455078125,392.34625244140625,0.20686721801757812,0
8,17,1866.8154296875,993.0596313476562,1917.8992919921875,1079.4794921875,0.23340974748134613,0
8,18,1668.775390625,989.8788452148438,1758.43212890625,1080.0,0.2675190567970276,0
9,1,0.0,595.4480590820312,111.29354095458984,882.8193969726562,0.48367050290107727,0
9,2,1631.9755859375,455.6642150878906,1745.1370849609375,715.1234741210938,0.8577955961227417,0
9,3,264.39361572265625,390.2873229980469,346.0696105957031,621.5114135742188,0.8448677062988281,0
9,4,1289.6580810546875,394.4632873535156,1363.23095703125,608.020751953125,0.8543238043785095,0
9,5,745.6358642578125,407.4022521972656,840.9641723632812,625.8468627929688,0.8376381993293762,0
9,6,1771.0184326171875,582.0891723632812,1872.8116455078125,875.5652465820312,0.753406822681427,0
9,8,760.24658203125,244.49020385742188,819.2968139648438,377.8075866699219,0.39894089102745056,0
9,9,254.49488830566406,220.1502685546875,332.0066833496094,364.9018249511719,0.4516497254371643,0
9,10,1020.1046752929688,189.29881286621094,1105.64599609375,356.98486328125,0.4483490586280823,0
9,11,551.8738403320312,366.48431396484375,649.560546875,598.362060546875,0.6495236158370972,0
9,12,819.2594604492188,229.44351196289062,887.16015625,365.1151123046875,0.32420000433921814,0
9,13,676.2350463867188,236.53857421875,734.3972778320312,381.0077819824219,0.2802881896495819,0
9,14,386.56756591796875,245.93923950195312,455.1658630371094,396.8331298828125,0.17477835714817047,0
9,15,607.1443481445312,241.65982055664062,679.4911499023438,378.0723876953125,0.3152902126312256,0
9,16,441.8954772949219,242.94100952148438,509.4472351074219,392.3159484863281,0.23676498234272003,0
9,17,1866.641845703125,993.2713623046875,1917.7779541015625,1079.392333984375,0.2283807098865509,0
9,18,1667.8798828125,990.1697387695312,1757.166015625,1080.0,0.261155366897583,0
10,1,0.0,598.6023559570312,104.2997817993164,880.9082641601562,0.49579691886901855,0
10,2,1630.9842529296875,456.3057556152344,1743.9473876953125,714.31005859375,0.853795051574707,0
10,3,267.7235412597656,389.387939453125,348.5739440917969,620.6969604492188,0.8471975922584534,0
10,4,1292.3035888671875,394.77532958984375,1366.0308837890625,608.2088623046875,0.8569856882095337,0
10,5,745.431884765625,408.45318603515625,838.9964599609375,627.1204833984375,0.8121227025985718,0
10,6,1774.2127685546875,591.9314575195312,1873.5369873046875,876.8562622070312,0.7394943237304688,0
10,8,759.1787719726562,243.62901306152344,818.7740478515625,378.28363037109375,0.3919640779495239,0
10,9,252.5733642578125,218.14671325683594,331.116943359375,365.04119873046875,0.4537068009376526,0
10,10,1018.8057861328125,189.37632751464844,1103.6448974609375,355.8937683105469,0.4535340666770935,0
10,11,561.8662109375,365.15460205078125,654.0216674804688,589.1310424804688,0.7573644518852234,0
10,12,819.0900268554688,228.3350067138672,887.4706420898438,365.3891296386719,0.32943350076675415,0
10,13,675.1493530273438,236.5111541748047,733.6318359375,381.7498779296875,0.2656465768814087,0
10,14,387.11993408203125,248.48617553710938,454.2109069824219,395.6499328613281,0.21964016556739807,0
10,15,606.7041015625,240.5323944091797,679.1204223632812,377.22235107421875,0.3068807125091553,0
10,16,441.5824279785156,242.93861389160156,509.14990234375,392.11029052734375,0.25489476323127747,0
10,17,1866.5333251953125,993.6002197265625,1917.67919921875,1079.304443359375,0.2136930376291275,0
10,18,1667.0589599609375,990.1262817382812,1756.418701171875,1080.0,0.2510884702205658,0
11,1,0.0,601.8575439453125,98.23746490478516,882.6531372070312,0.5596397519111633,0
11,2,1630.4376220703125,456.0527038574219,1743.6502685546875,713.8609619140625,0.8582655787467957,0
11,3,272.87847900390625,389.0716552734375,352.9613342285156,618.246826171875,0.856627881526947,0
11,4,1294.8701171875,394.3891906738281,1368.955322265625,608.77099609375,0.8480058908462524,0
11,5,745.1503295898438,410.2708435058594,837.2481689453125,629.1182250976562,0.8514519929885864,0
11,6,1777.90625,603.7832641601562,1874.1436767578125,877.9068603515625,0.7781240344047546,0
11,8,759.4512329101562,244.58694458007812,817.641357421875,375.7565612792969,0.34601372480392456,0
11,9,251.0572967529297,218.67332458496094,329.0635986328125,364.6006774902344,0.4573532044887543,0
11,10,1017.744873046875,188.87875366210938,1102.0975341796875,354.5421142578125,0.4968317151069641,0
11,11,571.4810180664062,363.38348388671875,661.1836547851562,588.0452270507812,0.6911090612411499,0
11,12,818.3098754882812,228.39601135253906,886.4379272460938,365.10101318359375,0.35789498686790466,0
11,13,673.21923828125,237.0072479248047,731.4552612304688,381.885009765625,0.30529657006263733,0
11,14,386.7274169921875,250.66085815429688,452.81500244140625,395.3703308105469,0.17173530161380768,0
11,15,605.302978515625,240.146728515625,678.1171875,377.58929443359375,0.3162689805030823,0
11,16,441.0440673828125,242.72837829589844,508.7958984375,391.6969909667969,0.2523580491542816,0
11,17,1866.54150390625,994.7122802734375,1917.4437255859375,1079.4708251953125,0.2152073085308075,0
11,18,1666.402587890625,990.2088623046875,1755.605224609375,1080.0,0.27461785078048706,0
12,1,0.0,601.4815063476562,92.29276275634766,877.7604370117188,0.7468221783638,0
12,2,1629.7657470703125,455.6732482910156,1743.2811279296875,713.4100952148438,0.8563423156738281,0
12,3,279.63983154296875,389.8872375488281,360.5416564941406,617.070556640625,0.8562746644020081,0
12,4,1296.875,395.2624206542969,1370.8563232421875,608.782958984375,0.8522768020629883,0
12,5,746.2095336914062,412.371337890625,837.9108276367188,633.0694580078125,0.8601276278495789,0
12,6,1780.4779052734375,607.1287841796875,1876.1129150390625,877.9663696289062,0.7571797370910645,0
12,8,757.9426879882812,244.1566619873047,815.9832763671875,375.0279846191406,0.35202690958976746,0
12,9,248.9156951904297,217.9912872314453,327.2491149902344,364.9065246582031,0.39204275608062744,0
12,10,1016.3386840820312,188.51080322265625,1101.145263671875,354.7066955566406,0.5034055709838867,0
12,11,578.6378173828125,362.9358825683594,665.5344848632812,586.20654296875,0.7568817138671875,0
12,12,814.8462524414062,227.63845825195312,882.6635131835938,365.37322998046875,0.32524219155311584,0
12,13,672.8801879882812,237.08877563476562,730.303955078125,379.65020751953125,0.3181682825088501,0
12,14,386.2521057128906,255.26414489746094,450.5952453613281,395.58441162109375,0.16655059158802032,0
12,15,604.9016723632812,240.54302978515625,677.0941162109375,376.8426208496094,0.34227243065834045,0
12,16,440.07598876953125,243.0629119873047,507.9588317871094,391.5916748046875,0.23529675602912903,0
12,17,1866.163818359375,995.034423828125,1917.2496337890625,1079.4957275390625,0.2208702564239502,0
12,18,1666.02001953125,990.2572021484375,1755.280517578125,1080.0,0.3137594759464264,0
13,1,0.0,600.72900390625,86.54379272460938,873.2868041992188,0.8188779950141907,0
13,2,1628.579345703125,454.8681640625,1742.9791259765625,713.9531860351562,0.8480028510093689,0
13,3,283.4642333984375,389.8506164550781,366.6791076660156,616.7546997070312,0.8733382821083069,0
13,4,1299.083740234375,397.0370178222656,1372.8768310546875,608.9598999023438,0.8421957492828369,0
13,5,746.980712890625,414.7268371582031,837.4259643554688,635.0516357421875,0.8435816764831543,0
13,6,1783.5240478515625,610.2561645507812,1878.0367431640625,877.141845703125,0.7875245809555054,0
13,8,756.669189453125,244.89796447753906,814.25634765625,374.33355712890625,0.3774097263813019,0
13,9,248.00869750976562,219.89939880371094,325.4153137207031,364.9986877441406,0.365395188331604,0
13,10,1015.3981323242188,187.9402313232422,1100.4984130859375,354.8579406738281,0.5053778290748596,0
13,11,583.1519165039062,363.9381103515625,669.2586059570312,589.8531494140625,0.7094306349754333,0
13,12,815.9686889648438,228.09637451171875,883.3807373046875,365.2134704589844,0.31226858496665955,0
13,13,672.0469360351562,236.96209716796875,729.278564453125,379.1452941894531,0.317949503660202,0
13,14,383.7839660644531,253.5780792236328,448.5799865722656,394.8562316894531,0.16444031894207,0
13,15,604.5556030273438,240.7351531982422,676.1712646484375,375.6011962890625,0.26039016246795654,0
13,16,439.9054870605469,243.61349487304688,508.08477783203125,391.51214599609375,0.2177003175020218,0
13,17,1865.904052734375,995.56201171875,1917.0633544921875,1079.47265625,0.22102294862270355,0
13,18,1665.5035400390625,990.8236694335938,1753.7227783203125,1079.3431396484375,0.27375662326812744,0
14,1,0.0,599.967529296875,81.43190002441406,871.0650634765625,0.7108404636383057,0
14,2,1627.325927734375,455.46630859375,1742.130615234375,714.4434204101562,0.8517953157424927,0
14,3,284.7437438964844,389.8493957519531,370.7008972167969,616.6484375,0.8757001161575317,0
14,4,1300.020751953125,398.6318054199219,1374.610595703125,612.0339965820312,0.8295865058898926,0
14,5,747.206298828125,416.4577941894531,836.238037109375,635.7203369140625,0.8347092270851135,0
14,6,1785.775146484375,610.5872192382812,1880.0408935546875,876.238037109375,0.7970675230026245,0
14,8,755.5980224609375,245.25624084472656,813.2484741210938,374.6847839355469,0.3402262032032013,0
14,9,246.23573303222656,219.17803955078125,324.25311279296875,365.27239990234375,0.3877403140068054,0
14,10,1014.7141723632812,187.51828002929688,1099.886962890625,355.0858154296875,0.46745505928993225,0
14,11,586.9663696289062,365.2879943847656,672.149658203125,592.09619140625,0.7367568612098694,0
14,12,814.7824096679688,228.4912109375,881.1901245117188,364.7180480957031,0.2622033357620239,0
14,13,670.4169921875,236.3069610595703,727.5584716796875,378.382568359375,0.3049224019050598,0
14,14,378.7889404296875,242.65138244628906,448.1763000488281,394.9173278808594,0.14375433325767517,0
14,15,603.54833984375,241.64102172851562,673.8441772460938,373.7457275390625,0.2605380117893219,0
14,16,437.6051025390625,242.89462280273438,506.35675048828125,391.1812438964844,0.2244851291179657,0
14,17,1865.769287109375,995.9150390625,1917.08056640625,1079.4337158203125,0.21464696526527405,0
14,18,1664.97509765625,991.3854370117188,1752.870361328125,1079.2640380859375,0.2752424478530884,0
15,1,0.0,599.6552124023438,76.56474304199219,869.844482421875,0.659353494644165,0
15,2,1625.78955078125,455.4079895019531,1741.3704833984375,714.9201049804688,0.8683499693870544,0
15,3,283.80584716796875,390.0040588378906,372.3875732421875,616.6200561523438,0.8796945214271545,0
15,4,1300.087890625,400.159912109375,1376.119140625,616.9635009765625,0.8413076400756836,0
15,5,747.0838623046875,417.8800048828125,835.636962890625,638.8860473632812,0.8235685229301453,0
15,6,1788.0482177734375,607.7282104492188,1883.12255859375,876.4232788085938,0.7966006398200989,0
15,8,754.182373046875,245.06175231933594,812.1503295898438,374.7063293457031,0.38807934522628784,0
15,9,244.7352294921875,218.61839294433594,322.9295349121094,364.8642272949219,0.37000325322151184,0
15,10,1014.2118530273438,187.96263122558594,1099.2288818359375,355.8739929199219,0.4524528384208679,0
15,11,591.7728881835938,367.4842224121094,676.1539916992188,593.3897705078125,0.8438997268676758,0
15,12,814.1382446289062,228.85133361816406,879.6643676757812,364.2837219238281,0.2864856719970703,0
15,13,669.5453491210938,236.7908477783203,726.5545043945312,378.6355285644531,0.3732835650444031,0
15,14,378.9579772949219,248.1830596923828,446.13641357421875,394.5543212890625,0.20624180138111115,0
15,15,602.2939453125,241.382080078125,673.2350463867188,374.2869873046875,0.2749987244606018,0
15,16,436.65875244140625,242.51747131347656,505.39642333984375,389.9476623535156,0.2312362641096115,0
15,17,1865.6204833984375,996.3124389648438,1917.0904541015625,1079.44140625,0.22702470421791077,0
15,18,1663.882568359375,991.78564453125,1751.810546875,1079.289306640625,0.3075683116912842,0
16,1,0.0,594.2897338867188,74.6018295288086,872.85888671875,0.597800612449646,0
16,2,1625.1614990234375,456.7059020996094,1740.612548828125,714.5820922851562,0.8576037883758545,0
16,3,282.67108154296875,390.6094970703125,373.4998474121094,616.2593383789062,0.8828222751617432,0
16,4,1300.4027099609375,402.5935974121094,1377.3482666015625,621.1421508789062,0.8430279493331909,0
16,5,745.9237060546875,420.7519836425781,831.94140625,639.8578491210938,0.7696176767349243,0
16,6,1790.5706787109375,607.4818725585938,1886.5523681640625,880.504150390625,0.7944123148918152,0
16,8,752.63134765625,244.53387451171875,811.029541015625,374.6653137207031,0.30878880620002747,0
16,9,242.7115936279297,216.00070190429688,322.34619140625,365.2017822265625,0.3481166362762451,0
16,10,1013.4105224609375,188.2943115234375,1097.6639404296875,355.4761962890625,0.4253866672515869,0
16,11,596.0116577148438,367.6181335449219,680.7089233398438,593.0888061523438,0.6950785517692566,0
16,12,813.361083984375,228.90415954589844,879.0231323242188,364.7181091308594,0.28746625781059265,0
16,13,667.72802734375,236.34947204589844,724.615478515625,377.5690002441406,0.35343462228775024,0
16,14,376.6274108886719,250.9388885498047,442.9289245605469,394.4372253417969,0.1568327099084854,0
16,15,600.831298828125,242.56175231933594,671.306884765625,374.29913330078125,0.24675917625427246,0
16,16,435.448486328125,242.18409729003906,503.8836975097656,388.5614929199219,0.23348098993301392,0
16,17,1865.2916259765625,996.5813598632812,1917.04736328125,1079.4945068359375,0.1682216376066208,0
16,18,1662.9100341796875,991.8770751953125,1751.337158203125,1079.7403564453125,0.2786106467247009,0
16,33,0.0,496.4909362792969,107.66964721679688,750.7876586914062,0.7979758977890015,0
17,1,0.0,601.121337890625,70.86885070800781,876.609375,0.6221272945404053,0
17,2,1624.76318359375,458.05279541015625,1740.058349609375,714.421875,0.8463191390037537,0
17,3,280.8492736816406,390.55889892578125,373.4751892089844,614.8766479492188,0.8778878450393677,0
17,4,1301.3662109375,404.55523681640625,1378.5137939453125,622.7676391601562,0.845956027507782,0
17,5,746.1756591796875,422.0747985839844,830.9201049804688,642.37744140625,0.7976939678192139,0
17,6,1795.6561279296875,612.6015014648438,1891.2064208984375,885.001708984375,0.8103399872779846,0
17,8,751.1597900390625,244.05030822753906,809.632568359375,374.1406555175781,0.3412517309188843,0
17,9,240.94110107421875,216.40638732910156,320.2554626464844,365.37188720703125,0.38377752900123596,0
17,10,1012.8118896484375,187.90997314453125,1096.8338623046875,355.1011962890625,0.4103337824344635,0
17,11,599.5350341796875,369.8860778808594,684.59130859375,592.675048828125,0.7821481823921204,0
17,12,813.7714233398438,228.2155303955078,879.8657836914062,364.6365966796875,0.2903020977973938,0
17,13,666.9671020507812,235.8446807861328,723.4583740234375,375.7144470214844,0.364851176738739,0
17,14,377.9739074707031,250.24359130859375,445.1138000488281,394.5306091308594,0.1593054234981537,0
17,15,598.668701171875,242.28953552246094,670.6640625,376.40087890625,0.23270095884799957,0
17,16,433.6018981933594,241.94122314453125,502.8854675292969,389.880615234375,0.21569690108299255,0
17,17,1864.577880859375,996.79296875,1916.66064453125,1079.362060546875,0.2040071189403534,0
17,18,1662.3341064453125,992.0460205078125,1750.8291015625,1079.9107666015625,0.3126387894153595,0
17,33,0.0,496.5259094238281,106.80204010009766,751.1417236328125,0.7714483737945557,0
18,1,0.0,599.5762329101562,69.13756561279297,880.2946166992188,0.6799044609069824,0
18,2,1624.3753662109375,459.3128967285156,1738.8941650390625,712.4268188476562,0.841222882270813,0
18,3,278.94281005859375,389.9351806640625,373.71319580078125,614.5161743164062,0.867641270160675,0
18,4,1301.6326904296875,406.3424377441406,1379.260009765625,624.7880249023438,0.8494135737419128,0
18,5,747.6511840820312,423.189453125,831.5572509765625,645.5283813476562,0.807003378868103,0
18,6,1799.0604248046875,617.1905517578125,1894.1146240234375,887.5673828125,0.7951878309249878,0
18,8,749.9025268554688,243.8791961669922,808.405029296875,373.8335876464844,0.3417052924633026,0
18,9,239.34715270996094,217.2212371826172,318.8336486816406,366.34869384765625,0.35188519954681396,0
18,10,1011.5867309570312,186.491455078125,1096.181396484375,355.2416687011719,0.3862970173358917,0
18,11,600.1539916992188,371.3951416015625,686.0374755859375,592.781494140625,0.8075845837593079,0
18,12,812.3660278320312,228.28684997558594,878.6959838867188,365.0948486328125,0.33073604106903076,0
18,13,665.9802856445312,235.77261352539062,722.7037963867188,376.3792724609375,0.39949503540992737,0
18,14,377.4817199707031,248.7290496826172,446.1549072265625,395.289306640625,0.18267785012722015,0
18,15,597.2919921875,242.27752685546875,669.7149658203125,377.214599609375,0.3222488462924957,0
18,16,432.4404296875,241.05166625976562,501.989013671875,389.7236328125,0.2393295019865036,0
18,17,1863.6536865234375,999.7186279296875,1915.101318359375,1079.7803955078125,0.24456554651260376,0
18,18,1661.9288330078125,992.1261596679688,1750.4598388671875,1079.9749755859375,0.344231516122818,0
18,33,0.19716814160346985,495.7237243652344,108.96368408203125,751.4801635742188,0.7424941062927246,0
19,1,0.0,602.147216796875,68.41454315185547,884.8568115234375,0.7454531788825989,0
19,2,1623.9603271484375,460.0474548339844,1738.481201171875,711.834228515625,0.8456293940544128,0
19,3,277.9620361328125,390.2403869628906,374.08203125,614.1676025390625,0.865521252155304,0
19,4,1301.119384765625,408.2644348144531,1379.94140625,629.2039184570312,0.8474342226982117,0
19,5,750.6981201171875,423.895263671875,833.1619262695312,646.2838134765625,0.7928487062454224,0
19,6,1801.831298828125,616.78369140625,1898.2772216796875,891.2613525390625,0.80484539270401,0
19,8,748.054443359375,243.11399841308594,806.5657348632812,373.3185119628906,0.3645694851875305,0
19,9,238.0221405029297,217.6554718017578,317.2796630859375,366.2295227050781,0.3582499623298645,0
19,10,1011.1448364257812,186.6300048828125,1095.2220458984375,354.51055908203125,0.3829505443572998,0
19,11,599.2848510742188,371.92327880859375,687.1471557617188,595.630615234375,0.8321008086204529,0
19,12,810.0323486328125,228.64801025390625,876.345947265625,365.362548828125,0.3406856060028076,0
19,13,664.90087890625,235.9047088623047,721.435791015625,375.8243103027344,0.3836061358451843,0
19,14,374.002685546875,242.9415283203125,445.3463134765625,396.0592346191406,0.1630728393793106,0
19,15,596.115966796875,241.97174072265625,669.2408447265625,378.631103515625,0.3126479387283325,0
19,16,430.8198547363281,240.8662109375,501.026611328125,390.7102966308594,0.19573593139648438,0
19,17,1863.0604248046875,1000.8660888671875,1914.728759765625,1079.9384765625,0.25279751420021057,0
19,18,1661.13623046875,992.2077026367188,1749.772705078125,1079.99853515625,0.3325851559638977,0
19,33,3.551957130432129,494.62286376953125,111.91725158691406,751.0487060546875,0.7548384666442871,0
20,1,0.0,603.0225830078125,66.89248657226562,889.975341796875,0.7478306889533997,0
20,2,1623.543701171875,461.3067932128906,1737.9725341796875,711.618896484375,0.8411601781845093,0
20,3,278.1544189453125,389.69207763671875,375.44903564453125,613.988525390625,0.8596304059028625,0
20,4,1301.3089599609375,409.86279296875,1380.66650390625,631.5092163085938,0.8390768766403198,0
20,5,753.08154296875,424.94952392578125,833.7534790039062,646.4629516601562,0.7665783166885376,0
20,6,1802.68603515625,618.8059692382812,1899.1326904296875,894.1635131835938,0.7892306447029114,0
20,8,746.9837036132812,242.6892852783203,805.5555419921875,372.970458984375,0.3361123502254486,0
20,9,236.49073791503906,218.0777587890625,315.88800048828125,366.6280822753906,0.29366064071655273,0
20,10,1010.4024658203125,187.89955139160156,1094.0968017578125,354.5981750488281,0.3270701467990875,0
20,11,598.6514892578125,373.0190124511719,687.8961181640625,596.8114013671875,0.825015664100647,0
20,12,808.3258056640625,228.2968292236328,874.4835205078125,364.9396057128906,0.26955366134643555,0
20,13,664.0072021484375,236.444580078125,720.79833984375,377.0076599121094,0.3648519814014435,0
20,14,370.9676818847656,243.93223571777344,442.1357727050781,396.5399169921875,0.1472136676311493,0
20,15,594.6522216796875,241.65000915527344,668.89111328125,380.8692321777344,0.34243303537368774,0
20,16,429.39678955078125,240.86573791503906,499.7249755859375,390.6934509277344,0.19580839574337006,0
20,17,1862.553466796875,1001.2805786132812,1914.790771484375,1079.9951171875,0.27285051345825195,0
20,18,1660.803955078125,992.376220703125,1749.451416015625,1080.0,0.3176940381526947,0
20,33,5.925487041473389,494.1726989746094,112.8939437866211,749.9127197265625,0.7293696403503418,0
21,1,0.0,603.2957763671875,65.1611328125,895.6644897460938,0.735830545425415,0
21,2,1622.3167724609375,462.0280456542969,1737.513427734375,712.8535766601562,0.8404267430305481,0
21,3,279.1611633300781,389.75054931640625,376.5567626953125,613.5789794921875,0.8563035130500793,0
21,4,1300.9521484375,410.5664978027344,1380.9859619140625,633.518798828125,0.8473755717277527,0
21,5,754.692138671875,425.4865417480469,833.9072875976562,646.1948852539062,0.7631767988204956,0
21,6,1802.56494140625,621.035400390625,1898.688232421875,896.2974243164062,0.7719994783401489,0
21,8,746.557861328125,243.34542846679688,804.583740234375,372.3050537109375,0.3301769495010376,0
21,9,234.35580444335938,218.2355499267578,314.17138671875,367.5595703125,0.35787588357925415,0
21,10,1009.3036499023438,187.86508178710938,1093.7244873046875,355.858642578125,0.36421218514442444,0
21,11,599.8705444335938,376.0777893066406,688.8363037109375,597.06640625,0.8205791711807251,0
21,12,804.324462890625,226.91029357910156,870.9573364257812,365.4826965332031,0.26612353324890137,0
21,13,662.646484375,236.7689971923828,718.8252563476562,375.3489074707031,0.3761502802371979,0
21,14,370.056396484375,247.6193084716797,439.9866943359375,397.6076965332031,0.1459602415561676,0
21,15,593.0634765625,242.61634826660156,667.6743774414062,382.8114013671875,0.32344305515289307,0
21,16,426.0083923339844,241.6959686279297,496.0871276855469,391.51959228515625,0.17499446868896484,0
21,17,1862.2401123046875,998.64453125,1916.2811279296875,1079.468017578125,0.2615823745727539,0
21,18,1660.4820556640625,992.7579345703125,1748.9796142578125,1080.0,0.32986369729042053,0
21,33,8.533822059631348,493.6823425292969,114.09384155273438,750.086669921875,0.692405104637146,0
22,1,0.0,603.809814453125,63.380062103271484,900.47802734375,0.7629514336585999,0
22,2,1621.4957275390625,462.5485534667969,1736.2464599609375,711.2379150390625,0.823453962802887,0
22,3,281.15631103515625,388.94189453125,378.37152099609375,613.30029296875,0.8599445819854736,0
22,4,1301.1326904296875,411.4114990234375,1381.0335693359375,633.8882446289062,0.8543778657913208,0
22,5,756.9002685546875,425.5514831542969,834.7189331054688,645.3052368164062,0.7392119765281677,0
22,6,1802.0833740234375,622.4711303710938,1898.2645263671875,897.4354248046875,0.7792844176292419,0
22,8,745.8041381835938,242.9239501953125,804.1773071289062,373.023681640625,0.37601110339164734,0
22,9,233.2418670654297,219.29847717285156,312.6846008300781,367.61102294921875,0.3235061764717102,0
22,10,1009.2086181640625,187.3831329345703,1093.3673095703125,354.9199523925781,0.37429508566856384,0
22,11,602.2699584960938,376.5062561035156,691.0498657226562,597.4622802734375,0.805023729801178,0
22,12,804.1034545898438,226.26809692382812,870.606689453125,365.4867248535156,0.2956174314022064,0
22,13,661.8814697265625,236.56838989257812,717.96826171875,374.4942932128906,0.36038023233413696,0
22,14,368.11968994140625,247.63375854492188,438.4568176269531,397.6693115234375,0.1397581845521927,0
22,15,591.9546508789062,241.96461486816406,666.9093627929688,382.7727355957031,0.30929410457611084,0
22,16,424.1728515625,242.6245574951172,493.7682800292969,391.4325256347656,0.17308282852172852,0
22,17,1861.7698974609375,997.8326416015625,1916.6910400390625,1079.2855224609375,0.27265602350234985,0
22,18,1660.2554931640625,993.0069580078125,1748.7313232421875,1080.0,0.3353942632675171,0
22,33,11.216634750366211,494.4471740722656,116.21481323242188,754.3677978515625,0.7792431712150574,0
23,1,0.0,606.4407348632812,62.840763092041016,906.3906860351562,0.740312397480011,0
23,2,1620.016845703125,462.72088623046875,1735.4263916015625,712.1991577148438,0.8249962329864502,0
23,3,285.3617858886719,388.9120178222656,381.96673583984375,613.9485473632812,0.8673745393753052,0
23,4,1301.343505859375,411.57391357421875,1380.9295654296875,633.2150268554688,0.8583073616027832,0
23,5,759.2061157226562,426.04962158203125,835.6504516601562,644.5090942382812,0.7153834700584412,0
23,6,1803.615966796875,625.254150390625,1900.4390869140625,898.4181518554688,0.7957348227500916,0
23,8,745.0725708007812,242.94351196289062,803.5313110351562,373.1208801269531,0.32901403307914734,0
23,9,231.24864196777344,217.32687377929688,311.0193786621094,366.37408447265625,0.40273091197013855,0
23,10,1008.3201904296875,188.0509796142578,1091.4627685546875,353.6673889160156,0.3786446750164032,0
23,11,609.4074096679688,376.8401794433594,697.1924438476562,600.0233154296875,0.7936069965362549,0
23,12,803.8270263671875,225.53643798828125,870.6079711914062,365.5936279296875,0.26523375511169434,0
23,13,660.6746826171875,236.2256622314453,717.15283203125,374.31219482421875,0.33788377046585083,0
23,14,366.5859375,249.2021026611328,436.5036315917969,397.676025390625,0.1268816888332367,0
23,15,590.618408203125,241.53981018066406,665.4725952148438,382.4039611816406,0.330949068069458,0
23,16,422.4091796875,243.37063598632812,492.03338623046875,392.431640625,0.1764036864042282,0
23,17,1861.4764404296875,997.6259155273438,1916.927001953125,1079.2149658203125,0.28768184781074524,0
23,18,1659.7244873046875,993.1987915039062,1748.1871337890625,1080.0,0.33057257533073425,0
23,33,16.599443435668945,494.4637451171875,120.1943130493164,756.2606201171875,0.822494626045227,0
24,1,0.0,609.4558715820312,62.86307144165039,912.7601318359375,0.754907488822937,0
24,2,1617.9300537109375,462.0075988769531,1734.4598388671875,713.89453125,0.8257947564125061,0
24,3,291.3464660644531,389.54901123046875,386.7423400878906,614.2325439453125,0.8668906092643738,0
24,4,1301.7884521484375,412.0298767089844,1381.00439453125,632.9334106445312,0.8491538166999817,0
24,5,759.2639770507812,426.3677978515625,835.299560546875,644.7902221679688,0.747309148311615,0
24,6,1801.8175048828125,626.051025390625,1900.8846435546875,899.2958374023438,0.7731065154075623,0
24,8,744.3056030273438,242.87570190429688,802.915771484375,373.38275146484375,0.3606519401073456,0
24,9,230.21412658691406,216.75831604003906,309.7901306152344,365.5180969238281,0.39970844984054565,0
24,10,1006.744140625,187.5065155029297,1090.133544921875,353.6734313964844,0.4183592200279236,0
24,11,614.0359497070312,376.559326171875,699.9478149414062,600.8670654296875,0.8058117032051086,0
24,12,803.2777709960938,226.30702209472656,869.7507934570312,365.2392272949219,0.2616227865219116,0
24,13,659.7904663085938,235.73524475097656,716.6033325195312,373.0775451660156,0.33160877227783203,0
24,14,365.10101318359375,249.59405517578125,435.04736328125,397.47119140625,0.15867078304290771,0
24,15,588.180419921875,239.8284912109375,663.2103881835938,381.64373779296875,0.3848842680454254,0
24,16,419.8559265136719,242.31402587890625,488.76995849609375,391.02099609375,0.16616998612880707,0
24,17,1860.8028564453125,997.8612670898438,1916.6519775390625,1079.2120361328125,0.29914525151252747,0
24,18,1659.340087890625,993.4845581054688,1747.7252197265625,1080.0,0.32636821269989014,0
24,33,26.317352294921875,494.9234313964844,128.6885528564453,757.2164916992188,0.8093101382255554,0
25,1,0.0,611.2744140625,63.21756362915039,917.8775634765625,0.7562116980552673,0
25,2,1615.8216552734375,461.20751953125,1732.875732421875,715.0968627929688,0.8011735081672668,0
25,3,298.62799072265625,388.759765625,392.3974914550781,613.43994140625,0.8628396391868591,0
25,4,1302.16455078125,411.94720458984375,1381.25390625,632.9730834960938,0.8381925821304321,0
25,5,758.2362670898438,427.6231994628906,834.700439453125,647.3169555664062,0.7787564992904663,0
25,6,1800.98681640625,628.38671875,1901.6578369140625,899.6895141601562,0.7565427422523499,0
25,8,742.8960571289062,242.92494201660156,801.40576171875,373.07330322265625,0.29632848501205444,0
25,9,228.45034790039062,215.9573974609375,308.05914306640625,365.1961975097656,0.44664624333381653,0
25,10,1005.910400390625,187.6514434814453,1088.73291015625,352.70751953125,0.3865896761417389,0
25,11,616.8466186523438,376.04095458984375,700.8346557617188,601.1881103515625,0.8004939556121826,0
25,12,802.9464111328125,226.9454803466797,869.3131103515625,365.3850402832031,0.2672024071216583,0
25,13,661.3641967773438,235.66702270507812,719.7354736328125,373.9386291503906,0.26452121138572693,0
25,14,365.84100341796875,252.0432891845703,434.1917724609375,396.6938171386719,0.137471005320549,0
25,15,586.4635009765625,238.73516845703125,662.4427490234375,382.7242126464844,0.384630024433136,0
25,16,417.9081726074219,241.68356323242188,486.9068908691406,391.3137512207031,0.18519866466522217,0
25,17,1860.4775390625,998.292236328125,1916.583251953125,1079.2156982421875,0.3133208453655243,0
25,18,1659.003662109375,993.8216552734375,1747.205322265625,1080.0,0.325681209564209,0
25,33,37.509727478027344,496.55120849609375,139.95204162597656,757.8639526367188,0.8610104918479919,0
26,1,0.0,614.6788330078125,63.39683532714844,923.1503295898438,0.7169851660728455,0
26,2,1615.5765380859375,458.8097839355469,1733.7066650390625,715.660888671875,0.7714688181877136,0
26,3,307.1027526855469,387.84466552734375,399.1689453125,613.3360595703125,0.8443120121955872,0
26,4,1302.9039306640625,411.87445068359375,1381.6939697265625,632.8102416992188,0.8478570580482483,0
26,5,757.22119140625,428.81494140625,834.9378051757812,651.5572509765625,0.7913689017295837,0
26,6,1802.2030029296875,629.65576171875,1904.945068359375,899.1049194335938,0.7932700514793396,0
26,8,741.6651000976562,241.51290893554688,800.8995361328125,373.1541748046875,0.3448484539985657,0
26,9,227.0797119140625,216.7353515625,305.9071960449219,364.6109313964844,0.4480704367160797,0
26,10,1004.6927490234375,187.06407165527344,1087.9893798828125,352.91131591796875,0.3354467749595642,0
26,11,620.8707885742188,375.6572570800781,702.5735473632812,599.9510498046875,0.804537296295166,0
26,12,802.016357421875,227.11294555664062,868.55126953125,365.1993713378906,0.2888239026069641,0
26,13,657.6508178710938,235.49050903320312,716.3235473632812,373.3668212890625,0.20306415855884552,0
26,14,364.4239807128906,251.40951538085938,433.3432922363281,397.2679443359375,0.16369260847568512,0
26,15,584.2991333007812,237.23828125,660.9028930664062,382.70489501953125,0.3727785050868988,0
26,16,416.0684509277344,240.41351318359375,485.98284912109375,392.2219543457031,0.1915847212076187,0
26,17,1860.235595703125,998.7599487304688,1916.5701904296875,1079.22509765625,0.3335854113101959,0
26,18,1658.32421875,994.1908569335938,1746.1317138671875,1080.0,0.33676251769065857,0
26,33,47.74356460571289,496.2225036621094,152.13755798339844,756.7774658203125,0.8629116415977478,0
27,1,0.0,614.8269653320312,62.91598892211914,927.2535400390625,0.7847481966018677,0
27,2,1615.3787841796875,459.76904296875,1734.0797119140625,716.8984375,0.8214172124862671,0
27,3,313.2867126464844,388.45269775390625,402.91259765625,613.351318359375,0.8913811445236206,0
27,4,1303.5478515625,411.61492919921875,1382.2254638671875,632.844970703125,0.8574652075767517,0
27,5,755.6792602539062,430.31298828125,835.2393798828125,657.3038940429688,0.7948278188705444,0
27,6,1802.306640625,630.098876953125,1907.358154296875,899.4461059570312,0.7955108880996704,0
27,8,739.0595092773438,239.62815856933594,799.2529296875,373.53814697265625,0.346012145280838,0
27,9,225.31729125976562,216.95443725585938,303.8127746582031,364.5074157714844,0.4241703450679779,0
27,10,1003.3732299804688,186.82801818847656,1086.8087158203125,352.96929931640625,0.38592374324798584,0
27,11,624.4432983398438,378.20074462890625,703.9790649414062,599.8726196289062,0.7734546065330505,0
27,12,800.8203125,226.8634490966797,867.4619750976562,364.7872009277344,0.30640217661857605,0
27,13,662.6282958984375,235.1682891845703,723.7354125976562,372.9023742675781,0.23232801258563995,0
27,14,363.9093322753906,251.88710021972656,432.4082336425781,396.7247314453125,0.139947772026062,0
27,15,582.7765502929688,236.7395782470703,659.7025146484375,382.5426330566406,0.3598731756210327,0
27,16,415.5810241699219,240.6977081298828,485.4687805175781,392.33795166015625,0.18191201984882355,0
27,17,1859.9346923828125,998.9189453125,1916.6676025390625,1079.2213134765625,0.31485649943351746,0
27,18,1657.935791015625,994.4637451171875,1745.507568359375,1080.0,0.2915950119495392,0
27,33,55.404762268066406,497.03125,162.6416015625,755.318603515625,0.8733993768692017,0
27,41,917.3174438476562,222.63551330566406,987.5474853515625,359.97271728515625,0.318462610244751,0
28,1,0.0,615.7892456054688,62.02988815307617,930.9197998046875,0.8242641687393188,0
28,2,1613.737548828125,461.1007995605469,1732.5072021484375,717.9946899414062,0.8439725041389465,0
28,3,316.5650329589844,386.9367980957031,404.84173583984375,612.718505859375,0.849856436252594,0
28,4,1304.6451416015625,411.3013916015625,1383.017578125,632.6022338867188,0.8539515137672424,0
28,5,754.7040405273438,432.14764404296875,835.0858154296875,660.5322875976562,0.7935166358947754,0
28,6,1801.6151123046875,630.1471557617188,1908.6768798828125,899.593017578125,0.7754403948783875,0
28,8,737.2556762695312,237.70144653320312,798.3753051757812,373.735595703125,0.39294758439064026,0
28,9,223.8183135986328,216.94802856445312,302.1291809082031,364.4551086425781,0.3573187589645386,0
28,10,1002.072021484375,186.1147003173828,1085.8489990234375,353.1270751953125,0.3444994390010834,0
28,11,628.5741577148438,379.73699951171875,706.3310546875,599.188720703125,0.7895813584327698,0
28,12,799.7118530273438,226.0437469482422,866.11865234375,363.42193603515625,0.3023374080657959,0
28,13,655.5531616210938,234.88931274414062,716.8987426757812,373.1192321777344,0.21484507620334625,0
28,14,362.852783203125,252.02870178222656,431.4560852050781,396.4471740722656,0.1886482834815979,0
28,15,581.5122680664062,237.13848876953125,657.72021484375,382.0599670410156,0.3142651617527008,0
28,16,413.7009582519531,240.46731567382812,483.2746887207031,391.5688171386719,0.1579872965812683,0
28,17,1859.5584716796875,999.12744140625,1916.658935546875,1079.2020263671875,0.3366188704967499,0
28,18,1657.4747314453125,994.8221435546875,1744.711669921875,1080.0,0.3030349016189575,0
28,33,58.84187316894531,498.0444030761719,170.02072143554688,754.947509765625,0.8867202997207642,0
28,41,916.6383666992188,222.6941375732422,986.6470947265625,359.57696533203125,0.2642892897129059,0
29,1,0.0,617.4901733398438,60.95554733276367,934.3666381835938,0.8226566910743713,0
29,2,1611.64599609375,460.98114013671875,1730.4844970703125,718.4949951171875,0.8322984576225281,0
29,3,318.61993408203125,386.67791748046875,406.00341796875,612.904296875,0.8288809657096863,0
29,4,1305.8865966796875,411.41241455078125,1384.247314453125,633.6310424804688,0.8495732545852661,0
29,5,751.7891235351562,434.2115783691406,832.8230590820312,663.3063354492188,0.8039673566818237,0
29,6,1801.4093017578125,629.4599609375,1910.5673828125,900.0109252929688,0.7631898522377014,0
29,8,736.5191650390625,236.6386260986328,798.1704711914062,373.4227600097656,0.35507041215896606,0
29,9,222.47967529296875,217.4513397216797,300.7260437011719,364.86578369140625,0.43523797392845154,0
29,10,1000.95703125,185.5017547607422,1085.2213134765625,353.2602233886719,0.34395620226860046,0
29,11,633.1273803710938,381.2902526855469,709.6834716796875,598.7255249023438,0.796198844909668,0
29,12,799.65673828125,226.66859436035156,866.1047973632812,363.57537841796875,0.28036653995513916,0
29,13,652.7479248046875,234.69544982910156,714.2084350585938,372.9049987792969,0.21672356128692627,0
29,14,359.8093566894531,253.54502868652344,427.2309265136719,395.315185546875,0.13999949395656586,0
29,15,580.5767211914062,237.4836883544922,656.7410278320312,382.24249267578125,0.311818391084671,0
29,16,413.43817138671875,241.31590270996094,482.724609375,391.1634521484375,0.1535329818725586,0
29,17,1858.953369140625,1001.0563354492188,1915.78173828125,1079.7225341796875,0.3113430440425873,0
29,18,1657.02783203125,995.052001953125,1744.03369140625,1080.0,0.30128976702690125,0
29,33,59.59103775024414,499.18292236328125,175.16455078125,755.3810424804688,0.8895488977432251,0
29,41,915.9375610351562,223.54437255859375,984.7915649414062,358.2071228027344,0.24437665939331055,0
30,1,0.0,619.496826171875,59.526241302490234,938.686279296875,0.8047719597816467,0
30,2,1608.0113525390625,459.8138732910156,1726.447265625,718.5106811523438,0.8625795841217041,0
30,3,323.69378662109375,385.72222900390625,412.3038024902344,613.4161376953125,0.8531246185302734,0
30,4,1308.04345703125,411.8946228027344,1386.5010986328125,635.6876831054688,0.8510871529579163,0
30,5,749.001220703125,436.0020751953125,830.6050415039062,665.0983276367188,0.8451442122459412,0
30,6,1801.3475341796875,629.1497802734375,1911.984375,900.8762817382812,0.7379868030548096,0
30,8,735.2780151367188,238.05673217773438,796.3771362304688,373.35626220703125,0.3507964611053467,0
30,9,221.61158752441406,219.2888641357422,298.97491455078125,364.5145263671875,0.36151546239852905,0
30,10,999.7028198242188,184.86512756347656,1084.2923583984375,353.3587341308594,0.3721891939640045,0
30,11,637.9566650390625,381.8807373046875,714.2445068359375,598.973388671875,0.7130345106124878,0
30,12,798.6738891601562,226.8218231201172,866.001953125,364.9141540527344,0.2734892666339874,0
30,13,652.15283203125,234.8814697265625,713.5757446289062,372.4447326660156,0.18615448474884033,0
30,14,359.0589599609375,253.21888732910156,427.0589904785156,396.19720458984375,0.15266363322734833,0
30,15,580.1097412109375,238.00997924804688,656.88525390625,384.1124572753906,0.3364427089691162,0
30,16,411.3600769042969,241.31716918945312,481.4712829589844,392.40081787109375,0.15357811748981476,0
30,17,1858.2799072265625,1002.0068359375,1915.3321533203125,1079.9195556640625,0.323230117559433,0
30,18,1656.37255859375,995.1476440429688,1743.3134765625,1080.0,0.28740137815475464,0
30,33,59.6682243347168,499.3880615234375,180.010009765625,756.0244140625,0.9018046855926514,0
30,41,914.6326293945312,223.51878356933594,983.4263305664062,357.9637451171875,0.2610362768173218,0
31,1,0.0,622.5560913085938,58.483421325683594,942.47900390625,0.7872253060340881,0
31,2,1604.765869140625,460.1323547363281,1721.7393798828125,718.1021728515625,0.8341230750083923,0
31,3,326.34429931640625,385.2408142089844,416.4868469238281,613.4102783203125,0.8471071124076843,0
31,4,1310.114990234375,413.1591491699219,1388.329833984375,637.3862915039062,0.8555128574371338,0
31,5,746.4532470703125,437.71246337890625,828.4418334960938,665.9275512695312,0.829573392868042,0
31,6,1800.93359375,629.6832885742188,1912.5909423828125,901.92138671875,0.7445871233940125,0
31,8,734.5841674804688,239.2372283935547,795.2169189453125,373.0740051269531,0.3721426725387573,0
31,9,219.9853515625,218.35519409179688,297.86077880859375,364.19140625,0.377513587474823,0
31,10,998.9160766601562,185.4250946044922,1082.9940185546875,353.4530944824219,0.36673593521118164,0
31,11,642.1509399414062,383.0400085449219,718.5762939453125,598.7919921875,0.6638550162315369,0
31,12,795.4985961914062,224.93475341796875,864.0032348632812,365.2727355957031,0.2533300220966339,0
31,13,649.3557739257812,234.85191345214844,710.6325073242188,372.42657470703125,0.26761332154273987,0
31,14,357.9390563964844,253.5646209716797,426.0492858886719,395.84320068359375,0.17146246135234833,0
31,15,579.1297607421875,237.61874389648438,656.1339111328125,384.59423828125,0.31751951575279236,0
31,16,410.5497131347656,241.56324768066406,480.8953552246094,392.1903381347656,0.1594967246055603,0
31,17,1857.5811767578125,1002.1703491210938,1915.2896728515625,1079.9912109375,0.33638131618499756,0
31,18,1655.844482421875,995.2652587890625,1742.711669921875,1080.0,0.28451216220855713,0
31,33,58.93429946899414,498.5115661621094,183.56382751464844,756.5537719726562,0.9013314247131348,0
31,41,913.4766845703125,223.21255493164062,982.2067260742188,357.3968811035156,0.2735348343849182,0
32,1,0.0,625.7787475585938,56.74092102050781,946.0623779296875,0.7846217751502991,0
32,2,1601.80419921875,461.0443115234375,1717.03515625,718.4204711914062,0.8187723755836487,0
32,3,328.75244140625,385.20098876953125,421.1022644042969,613.9395751953125,0.8648064732551575,0
32,4,1312.0830078125,414.4474182128906,1389.655029296875,637.9320068359375,0.8590206503868103,0
32,5,744.5038452148438,439.9887390136719,827.0733642578125,667.8275756835938,0.8343204259872437,0
32,6,1801.3262939453125,630.8733520507812,1913.91943359375,903.0187377929688,0.7865476608276367,0
32,8,733.2657470703125,240.41342163085938,793.2427978515625,372.5597839355469,0.3866350054740906,0
32,9,218.46615600585938,216.6266326904297,297.4341125488281,364.47296142578125,0.3093468248844147,0
32,10,998.5834350585938,187.8628692626953,1081.6082763671875,353.65692138671875,0.3798657953739166,0
32,11,643.9193115234375,384.3826599121094,714.5220947265625,582.506103515625,0.47553420066833496,0
32,12,792.4576416015625,223.79550170898438,861.0863037109375,363.504638671875,0.22812922298908234,0
32,13,648.6583862304688,234.9225616455078,709.1570434570312,371.0318908691406,0.2581077516078949,0
32,14,356.3075866699219,252.9100341796875,425.4944152832031,395.8116455078125,0.18934029340744019,0
32,15,578.2988891601562,237.56842041015625,655.6699829101562,385.4316101074219,0.3146366477012634,0
32,16,410.2405700683594,241.0706787109375,480.7181396484375,391.30621337890625,0.15496838092803955,0
32,17,1857.0546875,1002.1134643554688,1915.4803466796875,1080.0,0.3423669636249542,0
32,18,1655.359375,995.3699340820312,1742.2353515625,1080.0,0.2844550609588623,0
32,33,59.89959716796875,497.1069030761719,187.7113494873047,757.2003784179688,0.8913188576698303,0
32,41,912.679443359375,222.92178344726562,981.7383422851562,357.63543701171875,0.27383753657341003,0
33,1,0.0,628.7525634765625,55.54275894165039,947.841552734375,0.8017486333847046,0
33,2,1600.0128173828125,460.8313903808594,1714.090087890625,718.7954711914062,0.8208792805671692,0
33,3,329.4473876953125,385.7008972167969,423.78106689453125,614.5707397460938,0.8994713425636292,0
33,4,1313.775146484375,415.2786560058594,1390.8802490234375,638.3551635742188,0.8752806186676025,0
33,5,741.0095825195312,440.6861267089844,824.7208251953125,671.2017211914062,0.7997158765792847,0
33,6,1801.038330078125,630.7064208984375,1914.84619140625,903.7536010742188,0.8000354170799255,0
33,8,732.2905883789062,240.4251708984375,792.5787963867188,372.8641052246094,0.3716007173061371,0
33,9,217.1519775390625,215.9939422607422,296.2238464355469,363.9698181152344,0.355988472700119,0
33,10,997.923095703125,188.1450958251953,1080.8427734375,353.5436706542969,0.3642042875289917,0
33,11,643.734375,384.2789306640625,718.0479125976562,592.9008178710938,0.6427589058876038,0
33,12,789.7608642578125,223.14154052734375,859.6567993164062,364.6676330566406,0.23399880528450012,0
33,13,648.1605834960938,234.9478302001953,708.3892211914062,370.8285217285156,0.25238335132598877,0
33,14,354.2344970703125,251.1273193359375,425.12176513671875,395.54119873046875,0.21149927377700806,0
33,15,577.8842163085938,237.32652282714844,655.4280395507812,385.5397644042969,0.32351192831993103,0
33,16,409.3914489746094,241.0750732421875,479.4947509765625,390.0442810058594,0.144059956073761,0
33,17,1856.825439453125,1002.0578002929688,1915.8463134765625,1080.0,0.3706475496292114,0
33,18,1655.0411376953125,995.57080078125,1741.7896728515625,1080.0,0.29147303104400635,0
33,33,64.08197021484375,496.1324157714844,193.36795043945312,757.59228515625,0.8880512714385986,0
33,41,912.71337890625,223.4414825439453,981.7114868164062,357.9100341796875,0.24608513712882996,0
34,1,0.0,631.5301513671875,55.456565856933594,947.5865478515625,0.7916581630706787,0
34,2,1598.478271484375,457.35186767578125,1712.7437744140625,718.9971313476562,0.8078156113624573,0
34,3,329.7614440917969,387.0190124511719,425.4467468261719,614.8627319335938,0.9067538976669312,0
34,4,1315.8133544921875,416.0721740722656,1392.462890625,638.3756713867188,0.871526837348938,0
34,5,739.0711059570312,441.2123718261719,823.3236694335938,673.2621459960938,0.7874935269355774,0
34,6,1800.313720703125,630.460205078125,1914.9876708984375,904.0948486328125,0.7877867817878723,0
34,8,730.9927368164062,239.90145874023438,791.6671752929688,373.1480407714844,0.36403822898864746,0
34,9,214.95858764648438,212.80758666992188,295.6932067871094,364.4242248535156,0.37232479453086853,0
34,10,997.922607421875,188.10789489746094,1081.067626953125,353.3719177246094,0.3512977361679077,0
34,11,645.8209228515625,385.4067687988281,721.5350341796875,596.7623901367188,0.7080041170120239,0
34,12,788.695068359375,222.5883331298828,859.051025390625,365.4952087402344,0.24963337182998657,0
34,13,647.2344360351562,234.7678985595703,707.2937622070312,370.94976806640625,0.26772406697273254,0
34,14,353.0744323730469,251.103515625,423.5899353027344,393.876953125,0.20697081089019775,0
34,15,577.7159423828125,236.90081787109375,654.6538696289062,384.1899108886719,0.2944609224796295,0
34,16,408.57391357421875,241.4564666748047,478.9100036621094,390.314208984375,0.17058074474334717,0
34,17,1856.904052734375,1002.1378173828125,1916.307861328125,1080.0,0.3718511164188385,0
34,18,1654.931396484375,995.7026977539062,1741.63427734375,1080.0,0.2847801148891449,0
34,33,72.08186340332031,494.6739807128906,201.04611206054688,757.784912109375,0.8889384269714355,0
34,41,912.2837524414062,223.74267578125,981.4180908203125,358.2164306640625,0.22850535809993744,0
35,1,0.0,633.8350219726562,58.358673095703125,947.564208984375,0.8081773519515991,0
35,2,1596.9166259765625,455.1864929199219,1711.08251953125,718.9824829101562,0.8041651248931885,0
35,3,329.59844970703125,386.8316345214844,426.8507385253906,615.002685546875,0.8969338536262512,0
35,4,1317.438720703125,416.2333068847656,1394.1630859375,638.81005859375,0.8704977631568909,0
35,5,737.8027954101562,441.7929382324219,822.8317260742188,675.2135620117188,0.8351240158081055,0
35,6,1799.34375,631.2313842773438,1914.1053466796875,904.1295166015625,0.7365047931671143,0
35,8,730.1326904296875,239.38784790039062,791.4666748046875,374.357421875,0.31390389800071716,0
35,9,213.85604858398438,212.32447814941406,294.80389404296875,364.75146484375,0.33457207679748535,0
35,10,997.57568359375,186.54640197753906,1081.31494140625,352.7453918457031,0.3438689708709717,0
35,11,648.0176391601562,385.437255859375,725.4847412109375,598.5470581054688,0.7710148096084595,0
35,12,788.7939453125,222.11224365234375,858.2833251953125,364.9750671386719,0.23267439007759094,0
35,13,646.1383666992188,234.55052185058594,706.3365478515625,371.7746276855469,0.23606111109256744,0
35,14,351.3810729980469,250.3602294921875,422.222412109375,394.5873718261719,0.1882653832435608,0
35,15,577.18896484375,237.1231689453125,653.7874145507812,384.2945861816406,0.2610361874103546,0
35,16,407.8180236816406,241.09608459472656,478.5206298828125,390.3281555175781,0.18324874341487885,0
35,17,1857.13037109375,1002.302490234375,1916.7547607421875,1080.0,0.364105761051178,0
35,18,1655.0299072265625,995.9931640625,1741.5506591796875,1080.0,0.28172528743743896,0
35,33,81.2545394897461,492.8033447265625,208.4823760986328,758.0482788085938,0.8671041131019592,0
35,41,912.2251586914062,224.00816345214844,981.2086791992188,357.75543212890625,0.20041340589523315,0
36,1,0.0,634.4530029296875,61.35721969604492,948.357666015625,0.8444114327430725,0
36,2,1596.1883544921875,457.9565734863281,1708.7900390625,718.9440307617188,0.8482386469841003,0
36,3,330.9781494140625,386.4881591796875,428.93768310546875,614.427978515625,0.9080490469932556,0
36,4,1320.0919189453125,415.7509460449219,1397.4234619140625,638.9627685546875,0.866506814956665,0
36,5,737.8125610351562,442.1815185546875,822.9212036132812,675.6787719726562,0.8070982694625854,0
36,6,1797.3016357421875,631.697021484375,1911.62841796875,904.517578125,0.7117352485656738,0
36,8,729.422607421875,238.82305908203125,791.6127319335938,375.90960693359375,0.3254548907279968,0
36,9,213.2596435546875,213.44190979003906,294.3976745605469,366.16766357421875,0.3023545444011688,0
36,10,997.3651733398438,185.5247344970703,1081.479248046875,352.26934814453125,0.3339049220085144,0
36,11,648.7476806640625,385.0990905761719,727.8168334960938,600.234619140625,0.7506055235862732,0
36,12,789.3734741210938,222.24835205078125,857.911865234375,364.60333251953125,0.24142351746559143,0
36,13,645.1505737304688,234.48104858398438,705.58984375,373.11212158203125,0.22755669057369232,0
36,14,349.0432434082031,249.02816772460938,420.40814208984375,395.4861755371094,0.16363315284252167,0
36,15,576.7103881835938,237.1791534423828,652.8255004882812,383.7256774902344,0.25564539432525635,0
36,16,407.03033447265625,240.55026245117188,477.8764343261719,389.8924560546875,0.16730540990829468,0
36,17,1857.41552734375,1002.8793334960938,1916.9237060546875,1080.0,0.38533616065979004,0
36,18,1655.1610107421875,996.2083740234375,1741.611572265625,1080.0,0.31628382205963135,0
36,33,95.04476165771484,490.5143127441406,218.4425811767578,757.8360595703125,0.8191921710968018,0
36,41,911.9022216796875,223.11773681640625,981.3168334960938,357.4106140136719,0.2256239503622055,0
37,1,1.9206804037094116,634.7657470703125,64.19998168945312,949.3995361328125,0.8724182844161987,0
37,2,1592.465087890625,461.5435485839844,1704.3992919921875,718.5791625976562,0.8652951121330261,0
37,3,333.3690490722656,386.0573425292969,430.6819763183594,611.748779296875,0.9080623388290405,0
37,4,1321.85693359375,415.54638671875,1399.9102783203125,639.2681884765625,0.8672321438789368,0
37,5,737.6998291015625,443.2041931152344,822.4578857421875,675.7645263671875,0.8060579299926758,0
37,6,1795.5185546875,633.005126953125,1908.7850341796875,905.3807373046875,0.7177523970603943,0
37,8,728.488525390625,237.5316619873047,792.030029296875,378.231201171875,0.35252711176872253,0
37,9,212.72943115234375,213.16339111328125,293.3040466308594,364.8890686035156,0.29890888929367065,0
37,10,997.5266723632812,185.08660888671875,1081.9771728515625,352.1200256347656,0.34242233633995056,0
37,11,649.5740356445312,386.1544189453125,729.3238525390625,601.0745239257812,0.7745347619056702,0
37,12,788.5347290039062,222.46865844726562,855.9615478515625,364.77288818359375,0.27475252747535706,0
37,13,644.9598388671875,234.334716796875,705.2547607421875,373.441650390625,0.2147512435913086,0
37,14,347.6731872558594,248.766357421875,418.8025207519531,396.1011047363281,0.15002846717834473,0
37,15,576.4337768554688,237.0309295654297,652.3953857421875,383.5518493652344,0.2613089084625244,0
37,16,407.1670227050781,240.10775756835938,477.6112365722656,388.3492126464844,0.15508630871772766,0
37,17,1858.0634765625,1003.5142822265625,1917.322998046875,1080.0,0.3668423593044281,0
37,18,1655.5570068359375,996.4879760742188,1741.809326171875,1080.0,0.2942441701889038,0
37,33,109.9462661743164,489.7169494628906,228.7896270751953,758.06396484375,0.8581581115722656,0
37,41,911.689453125,222.06829833984375,981.6549682617188,357.1863708496094,0.24225901067256927,0
38,1,3.620712995529175,635.2374267578125,66.78064727783203,949.6619873046875,0.8361920714378357,0
38,2,1586.8294677734375,461.64361572265625,1700.4088134765625,718.3123168945312,0.8582843542098999,0
38,3,336.5005798339844,384.899658203125,433.4160461425781,610.7106323242188,0.9008545279502869,0
38,4,1323.4444580078125,415.910888671875,1402.265625,639.4576416015625,0.8615092635154724,0
38,5,737.8521728515625,443.37384033203125,822.1549072265625,675.7640991210938,0.8024759888648987,0
38,6,1795.8472900390625,634.312255859375,1908.4364013671875,906.2880249023438,0.7393470406532288,0
38,8,728.4207153320312,237.29476928710938,791.8015747070312,378.13214111328125,0.35821956396102905,0
38,9,212.1279754638672,212.65924072265625,292.7133483886719,364.4344177246094,0.32297658920288086,0
38,10,998.2192993164062,185.0265350341797,1082.9638671875,351.9955749511719,0.33428722620010376,0
38,11,651.9595947265625,386.8362731933594,733.3612670898438,603.9799194335938,0.7462896704673767,0
38,12,788.9380493164062,223.9046630859375,854.8491821289062,365.0050964355469,0.2934018671512604,0
38,13,645.0314331054688,234.40863037109375,704.9152221679688,373.19390869140625,0.23281455039978027,0
38,14,346.4319763183594,248.36463928222656,417.4179382324219,396.7733154296875,0.14745642244815826,0
38,15,576.5152587890625,237.08226013183594,652.1431884765625,383.177001953125,0.2766152620315552,0
38,16,407.7772216796875,239.86859130859375,477.62115478515625,386.3310852050781,0.14625178277492523,0
38,17,1859.00048828125,1003.8202514648438,1918.050048828125,1080.0,0.35359519720077515,0
38,18,1656.4111328125,996.7571411132812,1742.451904296875,1080.0,0.2803797125816345,0
38,33,123.30070495605469,488.29595947265625,239.31031799316406,758.6594848632812,0.8466114401817322,0
38,41,911.3250732421875,221.0049591064453,982.4637451171875,358.1783752441406,0.24733774363994598,0
39,1,5.359941005706787,635.790771484375,69.77790069580078,950.0439453125,0.8842307925224304,0
39,2,1580.843017578125,462.4530944824219,1696.25048828125,717.6743774414062,0.8790380954742432,0
39,3,341.0175476074219,385.0557556152344,436.24871826171875,609.4187622070312,0.8935760855674744,0
39,4,1325.1434326171875,416.15313720703125,1404.8743896484375,639.6365966796875,0.8623944520950317,0
39,5,738.9060668945312,443.72772216796875,821.9190673828125,675.4122314453125,0.7638713717460632,0
39,6,1796.4549560546875,634.8319702148438,1908.5755615234375,906.8208618164062,0.7802577614784241,0
39,8,729.4703369140625,236.7506561279297,792.873779296875,377.68682861328125,0.31005972623825073,0
39,9,211.50401306152344,211.45948791503906,292.5289306640625,364.3047790527344,0.3372052013874054,0
39,10,998.4161376953125,184.8850860595703,1083.5181884765625,352.0732116699219,0.3118470311164856,0
39,11,653.8165893554688,385.8345031738281,735.3624267578125,602.5795288085938,0.7805308103561401,0
39,12,789.59130859375,226.21290588378906,853.774169921875,365.4416809082031,0.2518288493156433,0
39,13,645.3021240234375,234.4617462158203,704.7341918945312,372.7087097167969,0.21533696353435516,0
39,14,349.57098388671875,248.82626342773438,421.2914123535156,398.19586181640625,0.16593167185783386,0
39,15,576.6295166015625,236.84698486328125,652.1749877929688,383.0179748535156,0.2694125771522522,0
39,16,407.8791809082031,239.6490936279297,477.5688781738281,385.171630859375,0.146208718419075,0
39,17,1859.5809326171875,1003.388916015625,1918.8265380859375,1080.0,0.383190393447876,0
39,18,1657.138916015625,997.1594848632812,1742.8310546875,1080.0,0.27607378363609314,0
39,33,137.0722198486328,488.2198486328125,252.28663635253906,759.3099365234375,0.8662151098251343,0
39,41,911.1522216796875,220.16342163085938,983.0160522460938,358.5397644042969,0.2645356357097626,0
40,1,6.626741409301758,637.2399291992188,72.05313110351562,949.0768432617188,0.877677321434021,0
40,2,1574.3983154296875,462.8685607910156,1692.1148681640625,718.223388671875,0.8586058020591736,0
40,3,345.365966796875,379.9707336425781,440.38519287109375,608.455322265625,0.8247203230857849,0
40,4,1326.613525390625,416.6302490234375,1407.2862548828125,639.6800537109375,0.8642680048942566,0
40,5,740.304443359375,444.05084228515625,822.2122192382812,675.10595703125,0.7526593804359436,0
40,6,1796.6568603515625,634.925537109375,1908.24560546875,907.27734375,0.7960807085037231,0
40,8,729.7313232421875,236.92953491210938,793.0430297851562,377.76904296875,0.3083724081516266,0
40,9,211.29478454589844,210.94708251953125,292.35968017578125,364.08294677734375,0.3393055498600006,0
40,10,997.4411010742188,184.85105895996094,1082.47998046875,352.2421569824219,0.3560122847557068,0
40,11,656.197021484375,387.38934326171875,738.9390258789062,606.6357421875,0.6931094527244568,0
40,12,790.3896484375,227.09205627441406,853.134765625,365.0203552246094,0.2637026011943817,0
40,13,645.4783325195312,234.18450927734375,704.7415771484375,372.5406799316406,0.1993415653705597,0
40,14,350.26800537109375,248.17823791503906,422.4434509277344,398.2587890625,0.20196788012981415,0
40,15,576.799072265625,236.81512451171875,652.2044067382812,382.9222106933594,0.2934738099575043,0
40,16,407.9990234375,239.59939575195312,477.7952880859375,384.781982421875,0.15700232982635498,0
40,17,1859.04150390625,1003.6036376953125,1918.2354736328125,1079.9918212890625,0.35847169160842896,0
40,18,1657.7733154296875,997.6591796875,1743.1041259765625,1080.0,0.28388118743896484,0
40,33,149.52708435058594,489.93670654296875,265.2658386230469,758.8270874023438,0.8728617429733276,0
40,41,911.0047607421875,219.3109130859375,983.4818725585938,358.784423828125,0.2834903299808502,0
41,1,7.90696907043457,638.5798950195312,73.96385955810547,944.9286499023438,0.8719972372055054,0
41,2,1566.762939453125,462.5325622558594,1686.8814697265625,717.6983032226562,0.8583326935768127,0
41,3,351.0030212402344,380.89678955078125,443.35699462890625,609.6093139648438,0.7920286059379578,0
41,4,1328.4310302734375,416.6731262207031,1410.279052734375,640.3534545898438,0.8559122085571289,0
41,5,741.9710693359375,444.6039123535156,822.7032470703125,675.2996215820312,0.7435479164123535,0
41,6,1797.099609375,635.7352294921875,1907.5322265625,907.39306640625,0.7943325042724609,0
41,8,729.5209350585938,236.56674194335938,792.448974609375,376.75860595703125,0.30901652574539185,0
41,9,211.1768035888672,210.79222106933594,292.2836608886719,364.16552734375,0.34884822368621826,0
41,10,996.9134521484375,184.89755249023438,1081.7374267578125,352.4021301269531,0.3816937506198883,0
41,11,661.1012573242188,387.40521240234375,744.9561157226562,608.4506225585938,0.7295205593109131,0
41,12,791.773681640625,226.90750122070312,853.9898071289062,364.8520812988281,0.2748868763446808,0
41,13,646.338623046875,234.14511108398438,705.0717163085938,371.4715881347656,0.1951742023229599,0
41,14,350.16796875,248.1002960205078,422.14129638671875,397.574462890625,0.19402529299259186,0
41,15,576.8743286132812,236.77928161621094,652.2061157226562,382.93243408203125,0.2847718894481659,0
41,16,408.03778076171875,239.6934051513672,477.6751708984375,384.0410461425781,0.15775254368782043,0
41,17,1859.051025390625,1003.7019653320312,1918.14306640625,1079.864990234375,0.3607941269874573,0
41,18,1658.3184814453125,997.943359375,1743.570556640625,1080.0,0.2579658031463623,0
41,33,159.4384765625,491.8638610839844,277.66546630859375,758.933349609375,0.8772817254066467,0
41,41,910.9281616210938,218.3048553466797,983.9402465820312,358.89837646484375,0.2702888548374176,0
42,1,9.277403831481934,639.95068359375,76.40705871582031,941.6878662109375,0.8774880170822144,0
42,2,1559.7965087890625,462.62091064453125,1680.437744140625,714.9306030273438,0.751500129699707,0
42,3,356.0624084472656,379.38427734375,446.5079040527344,611.5924682617188,0.7661283016204834,0
42,4,1329.825927734375,417.02716064453125,1412.6695556640625,641.2650146484375,0.8463431596755981,0
42,5,742.32666015625,445.7910461425781,822.0426025390625,676.1690673828125,0.7595505118370056,0
42,6,1796.681396484375,635.8456420898438,1905.784912109375,906.6671142578125,0.7879309058189392,0
42,8,728.7999267578125,235.93017578125,791.6942749023438,376.58612060546875,0.29205477237701416,0
42,9,211.3990478515625,211.00144958496094,292.33648681640625,364.2880859375,0.32587647438049316,0
42,10,997.6818237304688,184.79986572265625,1082.265625,352.1986999511719,0.37194666266441345,0
42,11,666.3680419921875,387.11553955078125,752.1143798828125,614.2169189453125,0.6534635424613953,0
42,12,793.8070068359375,226.76504516601562,856.2698974609375,365.12725830078125,0.27687492966651917,0
42,13,647.0033569335938,233.9613800048828,706.2057495117188,372.6894226074219,0.20457077026367188,0
42,14,349.4111022949219,247.93756103515625,421.6325988769531,397.3747253417969,0.20908841490745544,0
42,15,577.3292236328125,236.9133758544922,652.3381958007812,382.5154113769531,0.2737365961074829,0
42,16,408.0047607421875,239.454833984375,477.97918701171875,384.1328125,0.15953229367733002,0
42,17,1859.423095703125,1003.4989624023438,1918.5814208984375,1079.8232421875,0.3852251470088959,0
42,18,1658.9832763671875,998.2266845703125,1744.135986328125,1080.0,0.2709793448448181,0
42,33,165.9647674560547,493.43841552734375,287.99993896484375,759.2722778320312,0.8947799801826477,0
42,41,911.1776733398438,216.98707580566406,984.6525268554688,358.6540832519531,0.28193697333335876,0
43,1,11.917961120605469,641.6243896484375,82.18782043457031,945.1593627929688,0.8552015423774719,0
43,2,1545.762451171875,463.1763000488281,1668.6956787109375,714.847412109375,0.8236535787582397,0
43,3,360.5534362792969,381.4488220214844,448.0330810546875,613.7125244140625,0.7837561368942261,0
43,4,1330.383056640625,417.6501159667969,1413.984130859375,641.884521484375,0.8446770906448364,0
43,5,743.3740844726562,446.3695068359375,822.4586181640625,678.2582397460938,0.7408095002174377,0
43,6,1796.3511962890625,635.7059936523438,1904.6170654296875,906.7454223632812,0.7881284952163696,0
43,8,729.3538818359375,234.23190307617188,791.7577514648438,374.0960388183594,0.3399440050125122,0
43,9,212.3679962158203,212.406005859375,292.5145568847656,364.0144958496094,0.2969585359096527,0
43,10,999.8482666015625,184.71897888183594,1084.80322265625,352.43743896484375,0.3630989193916321,0
43,11,672.0764770507812,387.30120849609375,756.1911010742188,610.8736572265625,0.7338064908981323,0
43,12,795.6500244140625,226.83192443847656,858.35009765625,365.1558837890625,0.24531134963035583,0
43,13,648.4600219726562,233.6894073486328,708.9016723632812,375.0404052734375,0.2075243592262268,0
43,14,347.31646728515625,247.8141632080078,419.04888916015625,396.39788818359375,0.18535013496875763,0
43,15,578.1161499023438,237.03016662597656,652.9937133789062,382.466552734375,0.28197696805000305,0
43,16,407.3609313964844,239.26861572265625,478.7937316894531,386.5665588378906,0.19195029139518738,0
43,17,1859.3465576171875,1003.0701904296875,1918.677001953125,1079.6749267578125,0.3636339008808136,0
43,18,1659.777099609375,998.3008422851562,1745.1422119140625,1080.0,0.24212700128555298,0
43,33,169.05323791503906,494.140869140625,295.3795471191406,759.5744018554688,0.8861363530158997,0
43,41,911.5338745117188,215.75003051757812,985.389892578125,358.5085754394531,0.30924543738365173,0
44,1,16.430383682250977,643.6595458984375,90.51769256591797,946.6815185546875,0.8670708537101746,0
44,2,1529.0374755859375,464.5907287597656,1653.3892822265625,714.201171875,0.798173725605011,0
44,3,364.8459777832031,382.77142333984375,450.56170654296875,616.564208984375,0.8056305646896362,0
44,4,1330.421142578125,418.6107482910156,1414.4874267578125,642.1863403320312,0.8446757793426514,0
44,5,746.9940795898438,448.217041015625,821.6014404296875,669.704833984375,0.6489660739898682,0
44,6,1795.92529296875,636.03466796875,1903.441650390625,907.2429809570312,0.7621229887008667,0
44,8,729.9553833007812,230.91201782226562,793.0789184570312,372.5293884277344,0.35426443815231323,0
44,9,213.330078125,212.83836364746094,293.33245849609375,364.130859375,0.3156881332397461,0
44,10,1000.8684692382812,184.48944091796875,1086.1258544921875,352.50860595703125,0.4076155722141266,0
44,11,674.6310424804688,386.3053894042969,760.333740234375,614.6206665039062,0.7798701524734497,0
44,12,796.9439086914062,226.55148315429688,859.5087890625,363.9685363769531,0.27291417121887207,0
44,13,649.0274658203125,233.18479919433594,708.8167114257812,372.9713439941406,0.26390284299850464,0
44,14,344.6924133300781,248.13055419921875,415.03216552734375,395.13189697265625,0.16680896282196045,0
44,15,579.0322265625,236.09555053710938,654.0042114257812,381.4205017089844,0.286772221326828,0
44,16,406.9025573730469,239.4443817138672,479.39312744140625,388.2677307128906,0.19782254099845886,0
44,17,1859.024658203125,1002.597900390625,1918.7274169921875,1079.76416015625,0.3018738925457001,0
44,18,1661.4737548828125,998.579833984375,1746.7886962890625,1080.0,0.21904315054416656,0
44,33,171.2866668701172,494.3931884765625,302.29718017578125,760.20458984375,0.8816956877708435,0
44,41,911.6710815429688,214.238525390625,986.0423583984375,358.4720153808594,0.33602288365364075,0
45,1,20.198076248168945,645.0545654296875,98.9475326538086,948.2308959960938,0.870847761631012,0
45,2,1523.326416015625,466.392333984375,1649.5887451171875,715.6103515625,0.8074018955230713,0
45,3,369.6570739746094,382.6298828125,454.0810546875,617.5943603515625,0.867956280708313,0
45,4,1329.982666015625,418.943603515625,1414.6463623046875,642.3325805664062,0.8512492179870605,0
45,5,747.6908569335938,449.9571228027344,824.1715087890625,682.2009887695312,0.7359662652015686,0
45,6,1795.7337646484375,636.283203125,1902.794921875,907.9991455078125,0.7461109757423401,0
45,8,731.25244140625,228.89183044433594,795.2320556640625,372.23443603515625,0.3152572214603424,0
45,9,214.14706420898438,212.49346923828125,294.2100524902344,363.9789123535156,0.339949369430542,0
45,10,1001.6248168945312,184.3121337890625,1086.852294921875,352.4376220703125,0.40031999349594116,0
45,11,676.4403076171875,386.6576232910156,763.4608154296875,618.441650390625,0.8211308717727661,0
45,12,797.0313110351562,226.2318572998047,859.8485107421875,364.4306335449219,0.2568190097808838,0
45,13,649.4293212890625,232.91795349121094,709.0745849609375,372.1314697265625,0.25488948822021484,0
45,14,345.2386169433594,248.73106384277344,415.132568359375,394.75518798828125,0.14345061779022217,0
45,15,579.2766723632812,235.7843475341797,653.9959716796875,380.3809509277344,0.26474782824516296,0
45,16,408.2779235839844,239.79574584960938,479.6402893066406,386.0489196777344,0.16594521701335907,0
45,17,1858.6881103515625,1001.853759765625,1918.964111328125,1079.9171142578125,0.29244139790534973,0
45,18,1662.781982421875,999.0418701171875,1747.9317626953125,1080.0,0.2066158652305603,0
45,33,173.4520721435547,493.8922424316406,307.9701843261719,759.5535278320312,0.878751277923584,0
45,41,912.437255859375,214.09840393066406,986.5809326171875,358.4416809082031,0.30937832593917847,0
46,1,22.195425033569336,645.909423828125,106.07210540771484,950.2351684570312,0.8587943911552429,0
46,2,1521.2882080078125,472.1531677246094,1648.821044921875,718.7098388671875,0.6814571619033813,0
46,3,374.1370849609375,381.9913635253906,458.0824279785156,619.2341918945312,0.8407982587814331,0
46,4,1328.7794189453125,418.77410888671875,1414.2088623046875,642.2952880859375,0.8597722053527832,0
46,5,748.5482177734375,451.3471984863281,825.0659790039062,688.7850952148438,0.7604348659515381,0
46,6,1796.709716796875,636.77490234375,1903.7197265625,908.680419921875,0.7615121006965637,0
46,8,733.5545043945312,229.3902587890625,797.1700439453125,371.6442565917969,0.34803783893585205,0
46,9,216.0856475830078,212.3624267578125,296.10504150390625,363.44158935546875,0.36969342827796936,0
46,10,1003.668212890625,184.16470336914062,1089.1624755859375,352.4832458496094,0.40235817432403564,0
46,11,676.9874877929688,387.1773376464844,765.7265625,624.0142822265625,0.842820942401886,0
46,12,799.154296875,225.70037841796875,862.728759765625,364.7117614746094,0.22804145514965057,0
46,13,650.983154296875,232.52479553222656,711.4823608398438,372.8897705078125,0.24029962718486786,0
46,14,347.5912170410156,249.40798950195312,417.4453125,394.48858642578125,0.17611843347549438,0
46,15,580.57373046875,235.7024383544922,655.7529296875,381.1601867675781,0.31019681692123413,0
46,16,409.2096862792969,240.40609741210938,480.50006103515625,386.2749938964844,0.1753748506307602,0
46,17,1858.6456298828125,1000.5655517578125,1919.6749267578125,1079.9749755859375,0.29268816113471985,0
46,18,1664.847900390625,999.7717895507812,1749.4381103515625,1080.0,0.17379698157310486,0
46,33,176.96363830566406,491.60986328125,314.2088317871094,757.7888793945312,0.8716352581977844,0
46,41,913.9896240234375,214.02780151367188,987.9177856445312,358.46875,0.40016067028045654,0
47,1,21.832399368286133,647.6954956054688,110.14396667480469,951.8035278320312,0.8658902645111084,0
47,2,1520.3509521484375,477.1164855957031,1649.41650390625,720.7252807617188,0.8447852730751038,0
47,3,378.1796875,382.4639892578125,461.0230712890625,619.7515869140625,0.8249097466468811,0
47,4,1326.6995849609375,419.8768615722656,1412.6346435546875,642.3291015625,0.8700272440910339,0
47,5,749.5186767578125,452.79119873046875,825.9755859375,694.4363403320312,0.763846755027771,0
47,6,1796.4581298828125,637.6680297851562,1903.3314208984375,909.0339965820312,0.7359902858734131,0
47,8,735.3812255859375,232.02857971191406,798.4013671875,372.819091796875,0.32891374826431274,0
47,9,217.3951873779297,212.21217346191406,297.5472106933594,363.4672546386719,0.30769452452659607,0
47,10,1004.5068969726562,183.5794677734375,1089.754150390625,351.98150634765625,0.4200591444969177,0
47,11,677.75927734375,387.67877197265625,766.9293823242188,625.4466552734375,0.8504560589790344,0
47,12,800.635009765625,224.60971069335938,865.557861328125,366.0006408691406,0.268965482711792,0
47,13,651.6050415039062,232.39776611328125,712.2848510742188,373.0772705078125,0.25354331731796265,0
47,14,349.5910339355469,248.94847106933594,420.1065979003906,394.3808898925781,0.18158429861068726,0
47,15,580.394775390625,235.73118591308594,655.490966796875,380.6929016113281,0.26599082350730896,0
47,16,409.9290771484375,239.8475341796875,481.52001953125,386.03961181640625,0.16313181817531586,0
47,17,1859.3988037109375,997.4197387695312,1920.0,1079.5267333984375,0.2888404130935669,0
47,18,1668.3935546875,1000.4673461914062,1752.5072021484375,1080.0,0.15732349455356598,0
47,33,184.43048095703125,490.11724853515625,321.609375,754.5399780273438,0.8461526036262512,0
47,41,915.9423828125,213.7687530517578,989.6602783203125,358.48016357421875,0.3598758280277252,0
48,1,21.068052291870117,648.9187622070312,113.4084701538086,952.10302734375,0.862388014793396,0
48,2,1519.0994873046875,482.3448181152344,1649.798828125,722.00634765625,0.8690078258514404,0
48,3,382.5042724609375,383.2055358886719,464.7991943359375,620.5385131835938,0.7997349500656128,0
48,4,1323.9251708984375,420.5798034667969,1410.833740234375,642.6076049804688,0.8753042817115784,0
48,5,751.2296752929688,454.0672912597656,826.5340576171875,695.1759643554688,0.7740141749382019,0
48,6,1795.8980712890625,638.824951171875,1902.5638427734375,909.8432006835938,0.6947038173675537,0
48,8,739.2967529296875,235.6517791748047,800.3403930664062,371.7540588378906,0.4064778983592987,0
48,9,219.16111755371094,212.9038848876953,298.9737548828125,363.2753601074219,0.37779948115348816,0
48,10,1006.3663940429688,182.81959533691406,1091.66796875,351.7463073730469,0.42543575167655945,0
48,11,678.7063598632812,389.8164978027344,768.2078857421875,626.7020263671875,0.8097010254859924,0
48,12,803.1516723632812,225.1133270263672,867.614013671875,364.6335754394531,0.2845347225666046,0
48,13,655.0193481445312,231.5208740234375,716.7864990234375,374.1437683105469,0.2702270448207855,0
48,14,351.1388854980469,248.761474609375,422.0727233886719,393.882080078125,0.19533999264240265,0
48,15,583.0352172851562,234.12342834472656,659.4904174804688,381.5766296386719,0.34406280517578125,0
48,16,411.3670654296875,239.4778289794922,483.85302734375,387.6690979003906,0.15531587600708008,0
48,17,1861.273681640625,995.3809814453125,1920.0,1079.4893798828125,0.28315815329551697,0
48,18,1671.6175537109375,1001.5122680664062,1754.916015625,1080.0,0.12840314209461212,0
48,33,193.80337524414062,488.99261474609375,329.92169189453125,752.75244140625,0.8820797801017761,0
48,41,917.4426879882812,213.87335205078125,990.7002563476562,358.3395690917969,0.3860882818698883,0
49,1,21.820444107055664,649.31982421875,117.70817565917969,952.4677124023438,0.8556456565856934,0
49,2,1519.0439453125,488.3464050292969,1651.126220703125,723.2025756835938,0.8756768107414246,0
49,3,387.1792297363281,383.6374206542969,468.61669921875,619.4867553710938,0.8147926926612854,0
49,4,1320.50048828125,421.1424560546875,1408.520263671875,642.2001953125,0.8866913914680481,0
49,5,753.2200317382812,454.4347839355469,827.5663452148438,695.2432250976562,0.780180811882019,0
49,6,1795.260498046875,640.878173828125,1901.024658203125,910.1425170898438,0.7282208800315857,0
49,8,741.526123046875,236.076904296875,802.4600219726562,372.1962585449219,0.3607369661331177,0
49,9,220.82115173339844,211.89068603515625,300.793212890625,362.7546691894531,0.39874112606048584,0
49,10,1008.589599609375,182.44937133789062,1094.081298828125,351.8046569824219,0.3271586298942566,0
49,11,679.191650390625,388.9331970214844,769.8414306640625,626.5010375976562,0.7773362398147583,0
49,12,805.2471923828125,225.3726348876953,869.221923828125,363.0915222167969,0.2658543884754181,0
49,13,659.0764770507812,231.97157287597656,720.8637084960938,372.87200927734375,0.26620230078697205,0
49,14,352.8460998535156,248.90269470214844,424.2283020019531,394.14849853515625,0.16512104868888855,0
49,15,584.9461059570312,233.2725372314453,661.4549560546875,380.87689208984375,0.3915422558784485,0
49,16,412.3374938964844,238.39761352539062,485.6075744628906,388.7855224609375,0.14778637886047363,0
49,18,1674.60693359375,1001.9795532226562,1757.6981201171875,1080.0,0.1120079904794693,0
49,33,206.1622314453125,488.1365966796875,340.0164794921875,752.4033203125,0.8680905103683472,0
49,41,919.8882446289062,211.41921997070312,993.6173095703125,357.28619384765625,0.3421955704689026,0
50,1,26.027528762817383,649.3901977539062,124.49654388427734,952.5401611328125,0.8511987328529358,0
50,2,1518.5352783203125,493.1343078613281,1653.218017578125,724.9057006835938,0.896445095539093,0
50,3,390.6666564941406,384.62384033203125,471.21881103515625,618.7607421875,0.8281093835830688,0
50,4,1317.7596435546875,423.2289733886719,1406.6016845703125,641.9480590820312,0.8860300183296204,0
50,5,755.7086181640625,454.87933349609375,829.2127685546875,695.404296875,0.7893437147140503,0
50,6,1792.8660888671875,642.1774291992188,1897.62255859375,910.0955810546875,0.7346683144569397,0
50,8,742.8938598632812,235.73764038085938,803.7552490234375,372.33843994140625,0.37413471937179565,0
50,9,222.80032348632812,210.93280029296875,304.162109375,364.7857971191406,0.3045895993709564,0
50,10,1011.0775756835938,182.30499267578125,1096.5791015625,352.0811767578125,0.37394943833351135,0
50,11,679.9310913085938,391.8315734863281,770.8407592773438,626.4141235351562,0.8169131278991699,0
50,12,806.7095336914062,225.95584106445312,870.9031982421875,364.0966491699219,0.3074609637260437,0
50,13,661.2125854492188,231.0828399658203,723.7050170898438,372.67718505859375,0.2793056070804596,0
50,14,356.28179931640625,250.1820526123047,427.47100830078125,393.66143798828125,0.17834727466106415,0
50,15,587.1480712890625,233.77857971191406,663.415771484375,380.3922119140625,0.33809393644332886,0
50,16,414.1034851074219,237.8163299560547,486.7947998046875,388.0274963378906,0.1596071869134903,0
50,18,1676.85107421875,1001.7032470703125,1760.368896484375,1080.0,0.11564718186855316,0
50,33,220.6339111328125,487.42230224609375,350.8597717285156,752.5821533203125,0.8358131051063538,0
50,41,923.049560546875,210.29461669921875,996.9725952148438,356.94610595703125,0.2709213197231293,0
51,1,30.45648765563965,649.0875244140625,131.92283630371094,956.4839477539062,0.8611196279525757,0
51,2,1519.10595703125,496.5375061035156,1656.1514892578125,725.7702026367188,0.8803855180740356,0
51,3,393.6993713378906,384.9592590332031,473.7015075683594,618.3009033203125,0.8244349956512451,0
51,4,1315.2821044921875,425.0748291015625,1405.1966552734375,641.9212036132812,0.8802263140678406,0
51,5,757.7918701171875,455.2509765625,830.3090209960938,694.9650268554688,0.7982122302055359,0
51,6,1792.4146728515625,643.8048095703125,1896.0731201171875,910.3868408203125,0.7387067675590515,0
51,8,745.330078125,236.28419494628906,805.410888671875,370.9932861328125,0.29991692304611206,0
51,9,225.84454345703125,211.4574737548828,306.18951416015625,363.3901062011719,0.390812486410141,0
51,10,1013.3226928710938,182.5547332763672,1098.518798828125,352.2826843261719,0.4056302011013031,0
51,11,680.5724487304688,394.6000671386719,772.7152709960938,628.5575561523438,0.7957165241241455,0
51,12,809.6898803710938,226.27593994140625,873.9658203125,363.9017028808594,0.326372891664505,0
51,13,663.0005493164062,231.5480194091797,725.482666015625,372.15570068359375,0.29226624965667725,0
51,15,590.5875244140625,235.00514221191406,666.0020141601562,379.4547424316406,0.31142187118530273,0
51,16,414.9415283203125,236.9093780517578,487.1312561035156,386.736083984375,0.16995079815387726,0
51,18,1680.3668212890625,1002.0185546875,1763.692138671875,1080.0,0.10748127102851868,0
51,33,238.02783203125,486.82769775390625,363.70513916015625,753.387451171875,0.857671856880188,0
51,41,926.2274169921875,209.41036987304688,1000.21630859375,356.503173828125,0.2651606798171997,0
52,1,34.6525764465332,648.626953125,138.61688232421875,960.974853515625,0.8566515445709229,0
52,2,1519.205810546875,500.60675048828125,1657.6529541015625,727.0994262695312,0.8786758780479431,0
52,3,395.6652526855469,382.88201904296875,475.8807678222656,618.1651611328125,0.8316023945808411,0
52,4,1315.7271728515625,427.2586975097656,1406.0926513671875,641.6791381835938,0.8780865669250488,0
52,5,759.1602172851562,454.59893798828125,831.3897094726562,694.6640625,0.7520025372505188,0
52,6,1792.0244140625,644.42919921875,1894.8551025390625,910.5838012695312,0.7622271180152893,0
52,8,749.0059204101562,237.0341339111328,808.7756958007812,370.908935546875,0.3335203230381012,0
52,9,228.85934448242188,211.31097412109375,308.9370422363281,362.683349609375,0.3433515429496765,0
52,10,1015.9439697265625,182.73760986328125,1100.3997802734375,351.4461669921875,0.43522578477859497,0
52,11,681.700439453125,396.9870910644531,775.2125854492188,631.31982421875,0.8085864186286926,0
52,12,812.5840454101562,225.85304260253906,877.3958740234375,364.7704162597656,0.4232807755470276,0
52,13,665.9131469726562,231.4154815673828,729.0673828125,373.0457458496094,0.29570847749710083,0
52,15,594.5955810546875,233.84747314453125,669.9844970703125,378.51556396484375,0.35195451974868774,0
52,16,419.04315185546875,237.2479705810547,490.1567687988281,384.55206298828125,0.17612099647521973,0
52,18,1684.8848876953125,1003.2840576171875,1767.2730712890625,1080.0,0.1128334254026413,0
52,33,255.99085998535156,485.9637451171875,377.2030944824219,754.0681762695312,0.8518930673599243,0
52,41,929.7125854492188,210.7165069580078,1002.8790283203125,356.4703063964844,0.24771374464035034,0
53,1,39.26641845703125,648.9883422851562,145.007568359375,965.661865234375,0.8449874520301819,0
53,2,1512.9573974609375,501.9964294433594,1654.74951171875,729.6801147460938,0.8849946856498718,0
53,3,397.7007751464844,384.10205078125,476.9732666015625,617.7919921875,0.8335078358650208,0
53,4,1317.9071044921875,429.6504821777344,1408.67822265625,641.7348022460938,0.8826497793197632,0
53,5,760.3898315429688,455.0662841796875,832.6806640625,695.5883178710938,0.7497447729110718,0
53,6,1792.767578125,645.3606567382812,1894.9908447265625,911.721435546875,0.7514615654945374,0
53,8,752.66552734375,236.9203338623047,812.6993408203125,371.5992126464844,0.4048677086830139,0
53,9,232.0260772705078,211.8145751953125,311.6501159667969,362.0144958496094,0.3126198947429657,0
53,10,1020.354248046875,182.96238708496094,1104.4041748046875,351.3409729003906,0.37802937626838684,0
53,11,682.1173095703125,399.7687683105469,776.8678588867188,634.9552612304688,0.7898337841033936,0
53,12,817.405517578125,225.1472625732422,882.177734375,363.0374450683594,0.2550463378429413,0
53,13,668.3491821289062,231.25576782226562,730.9320068359375,372.1903381347656,0.28348514437675476,0
53,15,597.9363403320312,233.13597106933594,673.4068603515625,377.7802429199219,0.2821483612060547,0
53,16,424.7485046386719,236.56407165527344,496.1001892089844,383.9289855957031,0.18985891342163086,0
53,33,270.6139221191406,485.9393005371094,388.3815002441406,755.4952392578125,0.8617582321166992,0
53,41,933.5195922851562,210.0705108642578,1006.244140625,355.2020263671875,0.25623705983161926,0
54,1,44.70641326904297,650.1304321289062,151.1658172607422,969.5153198242188,0.8470431566238403,0
54,2,1505.1805419921875,502.4722900390625,1647.8177490234375,729.2783203125,0.8625614643096924,0
54,3,400.69317626953125,386.455322265625,478.6375427246094,617.7332153320312,0.8310874700546265,0
54,4,1320.4232177734375,431.13262939453125,1411.781005859375,641.9728393554688,0.8654301762580872,0
54,5,759.6963500976562,454.81427001953125,833.1171264648438,697.368896484375,0.7665956616401672,0
54,6,1793.3922119140625,646.0223388671875,1895.2518310546875,913.0902709960938,0.8117282390594482,0
54,8,757.2452392578125,236.19970703125,817.6616821289062,371.26165771484375,0.39092621207237244,0
54,9,236.00631713867188,211.23768615722656,317.68975830078125,365.30157470703125,0.2526951730251312,0
54,10,1024.6197509765625,182.10508728027344,1108.9439697265625,351.4621276855469,0.38473719358444214,0
54,11,683.1834716796875,402.50518798828125,778.1812744140625,636.8439331054688,0.8090956211090088,0
54,12,819.9615478515625,225.8147430419922,885.6401977539062,366.1019592285156,0.2906721532344818,0
54,13,672.5823364257812,231.64065551757812,735.7679443359375,373.8500061035156,0.22289569675922394,0
54,15,601.4899291992188,233.09576416015625,678.0394287109375,379.9291687011719,0.30949389934539795,0
54,16,428.9800720214844,235.25341796875,500.67401123046875,382.795654296875,0.15505312383174896,0
54,33,286.6357421875,485.7777099609375,403.0447692871094,755.210693359375,0.8632436394691467,0
54,41,936.946533203125,208.41473388671875,1010.3531494140625,355.341796875,0.260049045085907,0
55,1,48.1182975769043,651.9783935546875,155.2642059326172,973.632080078125,0.834565281867981,0
55,2,1491.98681640625,501.6619567871094,1636.19921875,728.8714599609375,0.8355687260627747,0
55,3,405.7320861816406,389.155517578125,482.55377197265625,617.5390625,0.8346841335296631,0
55,4,1323.6995849609375,432.9391784667969,1415.6131591796875,641.7930297851562,0.8620927333831787,0
55,5,759.25732421875,456.3162841796875,833.7762451171875,697.1173706054688,0.8177778124809265,0
55,6,1789.436279296875,646.0542602539062,1892.01171875,913.5137939453125,0.846545398235321,0
55,8,761.4690551757812,235.25906372070312,822.1312866210938,370.5361022949219,0.37212124466896057,0
55,9,239.52381896972656,209.28440856933594,323.1481628417969,367.6184387207031,0.2821444571018219,0
55,10,1030.0240478515625,182.0410614013672,1113.3900146484375,350.060302734375,0.2719314396381378,0
55,11,685.3323974609375,404.5965881347656,779.9387817382812,637.0272216796875,0.8139975666999817,0
55,12,824.9412231445312,225.5293731689453,890.9152221679688,366.3623046875,0.23718765377998352,0
55,13,676.5568237304688,230.19329833984375,740.6915283203125,374.5619812011719,0.21967026591300964,0
55,15,604.8960571289062,232.69227600097656,681.799072265625,380.48760986328125,0.41765454411506653,0
55,16,431.9131164550781,235.748291015625,504.3161315917969,384.31610107421875,0.1662718802690506,0
55,33,303.5530090332031,486.78448486328125,420.36328125,754.7035522460938,0.856795072555542,0
55,41,941.4296264648438,207.3862762451172,1015.0028076171875,355.1701354980469,0.26248905062675476,0
56,1,49.7656364440918,654.916015625,157.7745819091797,979.3433227539062,0.8227614164352417,0
56,2,1474.5357666015625,501.2355651855469,1615.3509521484375,728.6905517578125,0.5808078646659851,0
56,3,410.6517333984375,390.8955993652344,487.01092529296875,617.7159423828125,0.8218016624450684,0
56,4,1324.1224365234375,434.6182861328125,1417.4305419921875,642.1082153320312,0.8553837537765503,0
56,5,757.6004638671875,459.30401611328125,834.1133422851562,699.0379638671875,0.8631126880645752,0
56,6,1785.179443359375,646.8377685546875,1889.6513671875,913.9920654296875,0.8388107419013977,0
56,8,767.1355590820312,234.6608428955078,827.8609619140625,370.2461242675781,0.46093490719795227,0
56,9,245.4465789794922,210.2115478515625,328.14141845703125,366.9482421875,0.2278544157743454,0
56,10,1034.8260498046875,180.8108673095703,1119.1884765625,351.111572265625,0.4136195778846741,0
56,11,688.084716796875,406.55584716796875,782.0979614257812,637.5982055664062,0.7789932489395142,0
56,12,830.0241088867188,225.50985717773438,895.7018432617188,365.3013000488281,0.35832512378692627,0
56,13,682.5093383789062,233.12245178222656,744.7454833984375,372.458251953125,0.3154979348182678,0
56,15,609.9256591796875,233.10194396972656,686.0066528320312,378.75408935546875,0.4317634701728821,0
56,16,435.23388671875,234.57945251464844,509.0039978027344,386.6198425292969,0.18119210004806519,0
56,33,317.1131286621094,489.0704650878906,434.573486328125,754.3187255859375,0.8778170943260193,0
56,41,946.8792724609375,207.24783325195312,1020.7824096679688,356.11187744140625,0.2664591372013092,0
57,1,51.75458908081055,658.508544921875,160.9481964111328,983.2227172851562,0.8527157306671143,0
57,2,1469.4078369140625,499.8173828125,1609.3365478515625,730.0938720703125,0.6120359301567078,0
57,3,415.99420166015625,390.335693359375,492.8082580566406,617.9005126953125,0.8176555037498474,0
57,4,1325.4854736328125,435.5684814453125,1421.5765380859375,642.119140625,0.8566451072692871,0
57,5,757.9786376953125,463.6696472167969,836.8511352539062,701.7443237304688,0.8541068434715271,0
57,6,1782.476318359375,648.037109375,1889.0831298828125,913.3699951171875,0.8286398649215698,0
57,8,772.1665649414062,234.76791381835938,832.4727172851562,369.5433654785156,0.43415772914886475,0
57,9,251.68450927734375,211.3016815185547,332.0620422363281,363.3415222167969,0.25216513872146606,0
57,10,1039.8734130859375,181.2437744140625,1124.07373046875,351.08526611328125,0.4822145402431488,0
57,11,690.1103515625,407.5528869628906,783.8006591796875,637.9663696289062,0.8070296049118042,0
57,12,834.13330078125,223.5221710205078,900.8158569335938,365.91436767578125,0.37103912234306335,0
57,13,687.7284545898438,233.90440368652344,749.0112915039062,370.64581298828125,0.35137173533439636,0
57,15,616.425537109375,232.9248504638672,692.3427124023438,378.75238037109375,0.3751905858516693,0
57,16,437.8707580566406,234.84788513183594,512.3792724609375,389.4974060058594,0.22849422693252563,0
57,33,327.3459167480469,491.613037109375,444.62066650390625,753.6500244140625,0.8725804686546326,0
57,41,952.00732421875,207.4619598388672,1025.5396728515625,355.39251708984375,0.28719452023506165,0
58,1,51.48637008666992,661.3602294921875,161.739501953125,986.9534301757812,0.7262780070304871,0
58,2,1465.5352783203125,497.84722900390625,1605.7677001953125,730.5916137695312,0.8294409513473511,0
58,3,422.37457275390625,390.82562255859375,499.20440673828125,617.2221069335938,0.799379289150238,0
58,4,1322.888427734375,435.03741455078125,1422.48828125,641.4168090820312,0.8708997964859009,0
58,5,760.5396118164062,466.2734680175781,841.5975952148438,701.7393798828125,0.8429558873176575,0
58,6,1783.8287353515625,649.203369140625,1893.65478515625,914.65771484375,0.8314898014068604,0
58,8,777.4630126953125,234.73963928222656,838.0030517578125,370.22900390625,0.468097984790802,0
58,9,257.2380065917969,211.35594177246094,336.33233642578125,360.5420837402344,0.2524564862251282,0
58,10,1045.9884033203125,181.50143432617188,1129.9151611328125,351.00653076171875,0.5009397864341736,0
58,11,691.709228515625,408.98681640625,784.5325317382812,638.2075805664062,0.7586844563484192,0
58,12,839.3334350585938,224.04554748535156,904.4033813476562,363.045654296875,0.31802666187286377,0
58,13,693.6083374023438,234.69248962402344,753.648193359375,368.78558349609375,0.3078342378139496,0
58,15,621.9212646484375,232.892333984375,697.6691284179688,378.1595153808594,0.35705554485321045,0
58,16,444.4054870605469,234.4683074951172,518.8890380859375,389.5502014160156,0.24270182847976685,0
58,33,338.70965576171875,494.3018798828125,454.98663330078125,753.2467041015625,0.8409245014190674,0
58,41,957.7965698242188,208.3600311279297,1031.3262939453125,356.482421875,0.3569975793361664,0
59,1,52.51176071166992,664.1741943359375,163.29052734375,988.961181640625,0.7689025402069092,0
59,2,1462.6864013671875,494.36627197265625,1604.8143310546875,730.62255859375,0.5776586532592773,0
59,3,428.2971496582031,391.4830017089844,505.5130920410156,618.1744995117188,0.7893875241279602,0
59,4,1319.5966796875,434.122802734375,1423.0069580078125,641.467041015625,0.8621468544006348,0
59,5,762.9901733398438,467.8128662109375,847.2445678710938,704.45849609375,0.8334980607032776,0
59,6,1787.2843017578125,649.7883911132812,1900.2001953125,915.3130493164062,0.843874454498291,0
59,8,783.874755859375,234.26583862304688,844.3294067382812,369.4938659667969,0.45324888825416565,0
59,9,263.35986328125,210.00003051757812,342.9136047363281,360.4571228027344,0.24720622599124908,0
59,10,1052.3463134765625,180.963134765625,1136.4056396484375,351.0589294433594,0.5300963521003723,0
59,11,695.332763671875,408.9932861328125,788.2514038085938,637.8402709960938,0.8020481467247009,0
59,12,846.0117797851562,223.95228576660156,910.9609985351562,362.1876220703125,0.3728841543197632,0
59,13,702.540771484375,232.42083740234375,764.3794555664062,368.2527770996094,0.23731191456317902,0
59,15,627.4508666992188,233.1002197265625,703.471923828125,379.02508544921875,0.38836658000946045,0
59,16,451.46527099609375,233.29263305664062,524.9088134765625,386.1993103027344,0.17127762734889984,0
59,33,348.6230163574219,495.125,463.94073486328125,753.0946044921875,0.8539372086524963,0
59,41,963.541015625,207.52688598632812,1037.30615234375,356.7182312011719,0.40440988540649414,0
60,1,46.72346496582031,666.2661743164062,157.52565002441406,990.860107421875,0.8523164987564087,0
60,2,1443.9068603515625,489.9200439453125,1593.96826171875,731.8814697265625,0.6227172613143921,0
60,3,435.8890380859375,391.6971740722656,514.27783203125,619.1197509765625,0.7834839224815369,0
60,4,1316.7979736328125,431.3805236816406,1423.7877197265625,641.3051147460938,0.8681280016899109,0
60,5,767.2322998046875,468.1507873535156,853.209228515625,702.2263793945312,0.8635106682777405,0
60,6,1789.3192138671875,649.4739990234375,1905.0042724609375,915.392333984375,0.8502326011657715,0
60,8,790.1769409179688,233.8440704345703,850.2374267578125,368.8699035644531,0.5184244513511658,0
60,9,269.363037109375,210.21461486816406,350.02874755859375,363.18719482421875,0.2368742823600769,0
60,10,1058.7677001953125,179.76719665527344,1143.267822265625,350.9897155761719,0.5149748921394348,0
60,11,695.5584106445312,408.1806640625,787.6343994140625,636.491455078125,0.8144567608833313,0
60,12,852.5918579101562,224.3391571044922,917.23779296875,361.29150390625,0.3811611235141754,0
60,13,705.5560302734375,227.71824645996094,770.4556884765625,371.0022277832031,0.33633166551589966,0
60,15,634.4779052734375,232.5455322265625,710.3211669921875,378.0015563964844,0.44601407647132874,0
60,16,458.8580017089844,232.7036895751953,530.9754638671875,383.75494384765625,0.20935364067554474,0
60,33,360.9591979980469,493.850341796875,475.0838928222656,752.7278442382812,0.8295086622238159,0
60,41,970.8284301757812,206.80279541015625,1043.96337890625,355.393310546875,0.3699299395084381,0
60,59,1134.1328125,188.47743225097656,1221.8310546875,350.19219970703125,0.4352325201034546,0
61,1,47.20271682739258,666.552001953125,158.03546142578125,990.420166015625,0.860336184501648,0
61,2,1446.80712890625,488.0470275878906,1599.923828125,732.7100219726562,0.6935757994651794,0
61,3,443.9248962402344,392.6177978515625,522.81396484375,617.9213256835938,0.8364894390106201,0
61,4,1319.7362060546875,426.8895568847656,1429.2125244140625,642.5860595703125,0.7509592175483704,0
61,5,770.504638671875,467.5274963378906,859.4353637695312,702.4517822265625,0.8568556904792786,0
61,6,1791.7701416015625,649.0241088867188,1909.5733642578125,915.981689453125,0.860636293888092,0
61,8,796.7573852539062,234.4837646484375,857.0300903320312,370.1665344238281,0.48077449202537537,0
61,9,276.53363037109375,209.88717651367188,357.580322265625,363.3114318847656,0.20320011675357819,0
61,10,1065.7236328125,180.11050415039062,1149.53271484375,350.0936584472656,0.600919246673584,0
61,11,697.2224731445312,407.3975830078125,788.3671264648438,635.0618896484375,0.8242061734199524,0
61,12,859.5365600585938,223.12408447265625,924.645263671875,360.8009033203125,0.40103769302368164,0
61,13,709.6778564453125,227.13421630859375,773.86962890625,369.90362548828125,0.37455907464027405,0
61,15,641.520751953125,231.70529174804688,716.871826171875,376.43902587890625,0.37588024139404297,0
61,16,466.36273193359375,233.0256805419922,536.2490844726562,379.77392578125,0.23178093135356903,0
61,33,374.5923156738281,491.24053955078125,487.205810546875,752.9164428710938,0.7907483577728271,0
61,41,977.9125366210938,206.62869262695312,1050.6868896484375,354.1155090332031,0.3109720051288605,0
61,59,1142.033935546875,187.963134765625,1229.592529296875,349.3380126953125,0.396152526140213,0
62,1,51.691463470458984,664.9025268554688,163.4126739501953,989.7789306640625,0.8591313362121582,0
62,2,1431.1566162109375,487.62841796875,1589.4659423828125,731.4749145507812,0.8406934142112732,0
62,3,450.7417297363281,394.3244323730469,530.3721313476562,619.371337890625,0.8184687495231628,0
62,4,1317.89892578125,422.22259521484375,1429.624267578125,642.0274658203125,0.7639386653900146,0
62,5,772.7870483398438,466.8300476074219,864.5236206054688,701.7940063476562,0.8554511666297913,0
62,6,1795.8695068359375,647.33154296875,1914.49169921875,914.8399658203125,0.8574704527854919,0
62,8,803.9802856445312,233.76437377929688,864.4641723632812,369.9554138183594,0.5439466834068298,0
62,9,285.5362854003906,208.3974609375,360.8335266113281,350.0220642089844,0.1470544934272766,0
62,10,1073.1551513671875,179.8602752685547,1157.2550048828125,350.50311279296875,0.5545443296432495,0
62,11,698.1355590820312,406.95294189453125,788.4563598632812,634.1594848632812,0.7714396119117737,0
62,12,866.7686767578125,221.6365509033203,933.1621704101562,362.0313415527344,0.34821563959121704,0
62,13,715.4828491210938,228.19851684570312,780.1341552734375,373.32708740234375,0.3006831109523773,0
62,15,649.055908203125,231.4491729736328,724.7815551757812,377.6358337402344,0.3767603039741516,0
62,16,473.4100036621094,231.1760711669922,545.4190673828125,381.6669616699219,0.21447546780109406,0
62,33,386.5257568359375,487.6985168457031,497.4203796386719,752.0816040039062,0.8550717830657959,0
62,41,983.878662109375,206.08026123046875,1057.158203125,354.889892578125,0.32326748967170715,0
62,59,1149.5003662109375,189.91268920898438,1235.966552734375,348.9497375488281,0.3632216453552246,0
63,1,57.7533073425293,661.725830078125,169.55517578125,986.8865966796875,0.838632345199585,0
63,2,1435.8211669921875,488.92626953125,1594.72314453125,731.7916870117188,0.8695154786109924,0
63,3,456.36981201171875,394.9327087402344,537.4911499023438,622.6718139648438,0.8167867064476013,0
63,4,1317.368408203125,416.7027587890625,1427.200439453125,640.4199829101562,0.552483856678009,0
63,5,772.991943359375,465.1139221191406,868.237060546875,701.78662109375,0.833448052406311,0
63,6,1800.4639892578125,646.027587890625,1918.4432373046875,912.4010009765625,0.8506302237510681,0
63,8,812.0657958984375,233.15658569335938,872.1091918945312,368.6527099609375,0.5029642581939697,0
63,9,293.7510681152344,208.26663208007812,368.9540100097656,349.4183349609375,0.11801954358816147,0
63,10,1081.3355712890625,177.8765869140625,1166.2724609375,350.1077575683594,0.58558589220047,0
63,11,702.44921875,406.8168029785156,793.9037475585938,636.1329956054688,0.7687985301017761,0
63,12,876.1348876953125,222.3033905029297,941.5280151367188,359.2272644042969,0.4260789453983307,0
63,13,724.45263671875,228.86534118652344,788.9236450195312,371.91845703125,0.28678134083747864,0
63,15,656.4977416992188,231.71096801757812,732.1343383789062,377.58837890625,0.4826847314834595,0
63,16,481.0330810546875,230.71240234375,553.7859497070312,382.51226806640625,0.232540100812912,0
63,33,397.7086181640625,483.6688232421875,507.083984375,751.4912719726562,0.7753284573554993,0
63,41,992.7078857421875,205.37503051757812,1065.6754150390625,354.0557861328125,0.3702782392501831,0
63,59,1158.579833984375,188.49411010742188,1245.77197265625,348.7751159667969,0.48206257820129395,0
64,1,62.80691146850586,658.9022827148438,174.44302368164062,984.0391235351562,0.8647375702857971,0
64,2,1434.9500732421875,490.36810302734375,1593.1649169921875,731.798583984375,0.8814968466758728,0
64,3,461.62933349609375,394.8279724121094,545.0177612304688,630.0382080078125,0.8016098141670227,0
64,4,1318.2227783203125,413.1346130371094,1425.0257568359375,639.435791015625,0.6117609739303589,0
64,5,765.5759887695312,471.26409912109375,858.7576293945312,700.8103637695312,0.7058913111686707,0
64,6,1804.2421875,645.1998901367188,1920.0,910.9541625976562,0.8397170305252075,0
64,8,820.5218505859375,233.09384155273438,880.85791015625,369.1722106933594,0.4636009931564331,0
64,9,302.075439453125,207.72303771972656,379.67730712890625,353.465087890625,0.18835683166980743,0
64,10,1090.358154296875,179.11251831054688,1174.7103271484375,349.5303955078125,0.5676511526107788,0
64,11,705.364501953125,404.8620300292969,797.2449951171875,635.4452514648438,0.4960455298423767,0
64,12,884.2964477539062,220.58514404296875,951.1062622070312,359.3752136230469,0.4035770893096924,0
64,13,731.9473876953125,228.78639221191406,795.1513671875,369.8370361328125,0.4729379415512085,0
64,15,665.0153198242188,230.9737091064453,740.8909301757812,377.6697692871094,0.4321509301662445,0
64,16,488.17578125,231.6160888671875,559.1094970703125,380.6956787109375,0.2788085639476776,0
64,33,411.8385009765625,481.41864013671875,520.936767578125,752.31982421875,0.8115066289901733,0
64,41,1002.0031127929688,205.87582397460938,1074.9080810546875,353.8974914550781,0.3776346743106842,0
64,59,1169.4266357421875,188.6380615234375,1256.2728271484375,348.2190856933594,0.37457630038261414,0
65,1,68.54965209960938,657.6513671875,180.16131591796875,982.515869140625,0.8819118738174438,0
65,2,1429.427734375,492.0801086425781,1586.425048828125,732.7814331054688,0.8499811291694641,0
65,3,467.74822998046875,394.96258544921875,552.2737426757812,634.7254638671875,0.6882328987121582,0
65,4,1323.280517578125,411.5513610839844,1427.879638671875,639.2310791015625,0.7849952578544617,0
65,5,758.3706665039062,484.5581359863281,844.8161010742188,698.200439453125,0.33592846989631653,0
65,6,1807.4547119140625,644.425048828125,1920.0,910.0008544921875,0.8432790637016296,0
65,8,830.001220703125,232.3000030517578,890.9047241210938,368.5976867675781,0.45545586943626404,0
65,10,1099.2586669921875,178.72213745117188,1184.0672607421875,349.9303283691406,0.5579025149345398,0
65,11,712.5328979492188,406.0187683105469,821.6239624023438,677.3782958984375,0.7360571622848511,0
65,12,894.8934326171875,220.66993713378906,962.2072143554688,359.3014221191406,0.3856935501098633,0
65,13,742.1696166992188,230.3484344482422,803.7404174804688,368.3995361328125,0.3952508568763733,0
65,15,673.978271484375,229.96820068359375,750.6074829101562,378.5591735839844,0.455981969833374,0
65,16,499.70916748046875,230.79991149902344,571.7952270507812,381.5849304199219,0.22471198439598083,0
65,33,429.4053039550781,482.6925964355469,539.0975341796875,754.5699462890625,0.8586152195930481,0
65,41,1010.0667724609375,205.7845458984375,1083.2894287109375,354.6336669921875,0.42716917395591736,0
65,59,1179.1768798828125,189.8837127685547,1265.231201171875,347.5628662109375,0.3971298038959503,0
66,1,79.40542602539062,658.8802490234375,191.6375732421875,979.587158203125,0.8786330223083496,0
66,2,1413.1527099609375,494.60321044921875,1565.51318359375,733.2412109375,0.8235673904418945,0
66,3,477.4603271484375,395.1101379394531,560.8847045898438,632.55322265625,0.6397823691368103,0
66,4,1329.2252197265625,413.39984130859375,1430.10302734375,638.9998168945312,0.8208228349685669,0
66,5,754.7501220703125,491.0826416015625,838.5518188476562,698.44140625,0.4657292366027832,0
66,6,1807.9281005859375,644.380126953125,1920.0,910.3590087890625,0.8153269290924072,0
66,8,839.4166259765625,231.1620330810547,900.3110961914062,367.84454345703125,0.4114668667316437,0
66,10,1108.94091796875,179.04835510253906,1193.7044677734375,349.87298583984375,0.5471671223640442,0
66,11,716.1349487304688,406.94281005859375,830.8171997070312,691.9586181640625,0.4316335916519165,0
66,12,902.9248046875,220.5391082763672,970.3546142578125,359.18707275390625,0.3981034457683563,0
66,13,752.7584228515625,230.57630920410156,814.4146728515625,368.7794189453125,0.4230494201183319,0
66,15,684.0584716796875,230.5316925048828,759.345458984375,376.35986328125,0.49451521039009094,0
66,16,508.9145202636719,230.7535400390625,580.8068237304688,380.8944396972656,0.26874664425849915,0
66,33,446.7529602050781,486.41455078125,556.890380859375,755.1337280273438,0.8744238018989563,0
66,41,1020.9849243164062,205.90484619140625,1093.6602783203125,353.785888671875,0.37443622946739197,0
66,59,1188.970703125,190.15972900390625,1274.85888671875,347.6191101074219,0.3317062258720398,0
67,1,86.24848937988281,662.563720703125,201.78250122070312,977.9520263671875,0.889271080493927,0
67,2,1409.546630859375,493.8735046386719,1560.2821044921875,733.3434448242188,0.8272234201431274,0
67,3,489.68695068359375,398.5604553222656,571.4658813476562,630.2258911132812,0.6856943964958191,0
67,4,1333.01513671875,416.9425964355469,1431.5516357421875,638.6719970703125,0.8571413159370422,0
67,5,752.7840576171875,475.91436767578125,842.9962158203125,698.3988037109375,0.3525278568267822,0
67,6,1811.3441162109375,645.2107543945312,1920.0,913.0216674804688,0.7658787369728088,0
67,8,849.679931640625,231.12734985351562,910.7691040039062,368.0188903808594,0.389271080493927,0
67,10,1118.8743896484375,179.3696746826172,1203.125732421875,349.27947998046875,0.505748987197876,0
67,11,721.6224365234375,408.52838134765625,839.7698974609375,698.7733764648438,0.49215009808540344,0
67,12,917.0675659179688,221.55377197265625,984.8179931640625,358.2778625488281,0.3913584053516388,0
67,13,763.30078125,228.4634552001953,826.135009765625,368.702880859375,0.31676650047302246,0
67,15,693.8351440429688,230.85342407226562,768.90087890625,376.12701416015625,0.3812737464904785,0
67,16,516.0068969726562,229.6570587158203,588.6640014648438,381.5714416503906,0.2589474320411682,0
67,33,463.3233947753906,491.3406066894531,574.6709594726562,755.9503784179688,0.8998768329620361,0
67,41,1030.6368408203125,205.77207946777344,1103.3011474609375,353.6703796386719,0.3328084647655487,0
67,59,1198.7943115234375,190.19178771972656,1284.79345703125,346.82708740234375,0.39339733123779297,0
68,1,90.89118194580078,669.099853515625,213.25025939941406,982.518310546875,0.8911467790603638,0
68,2,1411.88134765625,492.9794006347656,1562.176025390625,733.2301635742188,0.8420379161834717,0
68,3,502.9707946777344,399.0168151855469,586.9124755859375,635.745849609375,0.7774040699005127,0
68,4,1335.021728515625,420.7004089355469,1433.24169921875,638.0637817382812,0.8750866055488586,0
68,6,1815.758544921875,645.7206420898438,1920.0,914.4869384765625,0.8078109622001648,0
68,8,861.560791015625,231.45077514648438,921.8132934570312,366.60986328125,0.5355779528617859,0
68,10,1131.2529296875,178.53968811035156,1216.190185546875,349.1968994140625,0.5461391806602478,0
68,11,728.604736328125,409.8408203125,848.1035766601562,700.7918701171875,0.8533326387405396,0
68,12,927.6669311523438,220.95565795898438,996.1718139648438,357.5081481933594,0.47377878427505493,0
68,13,772.6763916015625,226.38742065429688,836.5509033203125,368.3642272949219,0.34874239563941956,0
68,15,704.033203125,230.47869873046875,778.5159301757812,374.8523254394531,0.48670798540115356,0
68,16,527.2596435546875,229.10943603515625,599.8624877929688,380.3110046386719,0.28249216079711914,0
68,33,477.8193664550781,498.7950439453125,589.80517578125,757.642578125,0.8960917592048645,0
68,41,1043.042724609375,204.56639099121094,1115.31591796875,352.0997009277344,0.38798055052757263,0
68,59,1209.9617919921875,189.3534698486328,1295.716552734375,345.83306884765625,0.29091644287109375,0
68,78,989.47216796875,228.96664428710938,1057.5596923828125,357.32598876953125,0.395687997341156,0
69,1,94.11663818359375,677.6671142578125,223.52777099609375,987.5838623046875,0.8952171206474304,0
69,2,1413.5906982421875,490.8824768066406,1566.4400634765625,736.2118530273438,0.8870328068733215,0
69,3,516.6358642578125,401.279541015625,597.657958984375,625.2973022460938,0.6716275811195374,0
69,4,1336.5831298828125,426.5049133300781,1434.8525390625,636.499267578125,0.8646532297134399,0
69,6,1817.1669921875,646.715087890625,1920.0,916.0966186523438,0.8399131298065186,0
69,8,873.2583618164062,230.43011474609375,933.629638671875,365.99810791015625,0.4880926311016083,0
69,10,1143.962158203125,179.329345703125,1228.15234375,347.8818359375,0.5668349266052246,0
69,11,736.8911743164062,411.5338134765625,855.0308837890625,698.9346923828125,0.8500634431838989,0
69,12,937.782470703125,218.44456481933594,1006.536865234375,354.8290710449219,0.3732539713382721,0
69,13,783.3994140625,225.76425170898438,846.8428344726562,367.4609069824219,0.32080987095832825,0
69,15,716.6981811523438,229.94503784179688,791.3405151367188,374.4884033203125,0.37584230303764343,0
69,16,538.7686157226562,228.05413818359375,611.1723022460938,379.47991943359375,0.24960705637931824,0
69,33,490.18695068359375,506.6330261230469,602.5922241210938,758.5400390625,0.8896589875221252,0
69,41,1054.344482421875,204.09666442871094,1126.9954833984375,352.4777526855469,0.39116474986076355,0
69,59,1222.4918212890625,189.1324462890625,1307.60205078125,344.2808837890625,0.2627820372581482,0
70,1,100.23026275634766,687.4030151367188,236.39627075195312,992.4271850585938,0.900202214717865,0
70,2,1411.1610107421875,489.54656982421875,1566.697998046875,737.5902099609375,0.8793956637382507,0
70,3,529.597900390625,401.71771240234375,611.3472290039062,623.5125732421875,0.6273151636123657,0
70,4,1340.3839111328125,431.4120178222656,1438.537353515625,632.057373046875,0.8205527067184448,0
70,6,1813.745849609375,648.6395263671875,1920.0,915.4613037109375,0.8601377606391907,0
70,8,886.2463989257812,230.02317810058594,946.1652221679688,364.9425048828125,0.554273784160614,0
70,10,1156.146240234375,177.5057373046875,1241.085205078125,347.7809143066406,0.6840947270393372,0
70,12,948.1097412109375,217.90672302246094,1017.483154296875,355.34014892578125,0.4904387593269348,0
70,13,796.4989624023438,224.9781951904297,859.7679443359375,365.865966796875,0.34307023882865906,0
70,15,728.6028442382812,228.76431274414062,803.3836669921875,373.2681884765625,0.49238282442092896,0
70,16,552.2003784179688,227.59054565429688,624.8041381835938,378.8390808105469,0.31036368012428284,0
70,33,502.18701171875,516.6549682617188,613.679931640625,758.7337646484375,0.8940560817718506,0
70,41,1067.80615234375,203.13037109375,1140.502197265625,351.7322692871094,0.48569369316101074,0
70,59,1234.8216552734375,186.93251037597656,1320.40478515625,342.9655456542969,0.3590051233768463,0
70,5,750.63330078125,453.0026550292969,848.5364990234375,694.1763916015625,0.7867386341094971,0
71,1,109.86274719238281,696.9586791992188,251.8738250732422,996.2112426757812,0.9157869219779968,0
71,2,1410.107421875,490.62542724609375,1566.618408203125,737.7701416015625,0.8581928014755249,0
71,3,541.5559692382812,405.1904296875,624.327392578125,625.4717407226562,0.6869978904724121,0
71,4,1343.7520751953125,433.8307189941406,1442.5748291015625,630.760009765625,0.8252434730529785,0
71,6,1811.611083984375,650.7847900390625,1919.4432373046875,915.0471801757812,0.873660147190094,0
71,8,899.2213745117188,229.09927368164062,959.5098876953125,364.5351867675781,0.49779239296913147,0
71,10,1169.000732421875,177.54031372070312,1253.190185546875,346.2929382324219,0.5597000122070312,0
71,12,963.6661987304688,215.79588317871094,1034.036865234375,353.5740051269531,0.4229568839073181,0
71,13,810.4232788085938,223.61273193359375,873.0723266601562,363.9339904785156,0.367163747549057,0
71,15,742.4337158203125,227.68267822265625,817.4345092773438,372.6396484375,0.4286023676395416,0
71,33,514.7091674804688,523.16162109375,626.317626953125,757.9932250976562,0.8979654312133789,0
71,41,1080.716552734375,202.86082458496094,1153.7530517578125,351.5120849609375,0.38811326026916504,0
71,59,1247.7401123046875,187.01829528808594,1334.7994384765625,345.31658935546875,0.2813866138458252,0
71,5,752.056884765625,426.5588684082031,858.26220703125,694.956787109375,0.6452906727790833,0
72,1,118.17984771728516,702.13427734375,265.61474609375,997.1364135742188,0.9133027195930481,0
72,2,1403.04443359375,493.2275695800781,1563.321533203125,742.01708984375,0.8014739751815796,0
72,3,552.2236938476562,408.60198974609375,637.8271484375,632.200927734375,0.8280770778656006,0
72,4,1343.4837646484375,435.2282409667969,1440.5130615234375,630.3163452148438,0.7213859558105469,0
72,6,1812.326171875,653.0809326171875,1919.6331787109375,916.1163330078125,0.8516418933868408,0
72,8,913.5130004882812,228.2090301513672,973.728759765625,363.3988952636719,0.44486743211746216,0
72,10,1183.50341796875,177.5227508544922,1268.3248291015625,346.4761657714844,0.6565166711807251,0
72,12,976.7672119140625,215.69696044921875,1047.626220703125,353.6067810058594,0.43684303760528564,0
72,13,824.28125,223.85218811035156,885.9542236328125,362.6512451171875,0.3969661593437195,0
72,15,756.861083984375,228.28822326660156,830.974609375,370.9331970214844,0.4617673456668854,0
72,33,526.6884155273438,526.8350830078125,639.7041015625,756.4044799804688,0.8843161463737488,0
72,41,1094.6217041015625,202.75985717773438,1167.5169677734375,350.5433349609375,0.4141525328159332,0
72,59,1264.047119140625,184.6937255859375,1350.8148193359375,342.2662353515625,0.40131330490112305,0
72,5,753.0736694335938,436.392333984375,852.206298828125,695.5277099609375,0.5407121777534485,0
72,11,764.9560546875,416.2587585449219,869.7997436523438,676.2581787109375,0.4841023087501526,0
72,16,578.5379638671875,226.53396606445312,650.4428100585938,377.0979919433594,0.3786593973636627,0
73,1,123.2886962890625,707.0057373046875,275.9008483886719,995.3199462890625,0.9244363307952881,0
73,2,1405.5657958984375,497.8277893066406,1563.891845703125,743.5257568359375,0.8083592057228088,0
73,3,562.4710693359375,410.1131896972656,650.4588012695312,635.2247924804688,0.8269797563552856,0
73,4,1350.388427734375,432.861572265625,1448.9085693359375,633.630126953125,0.7667633891105652,0
73,6,1816.9202880859375,654.0498046875,1920.0,916.6453247070312,0.8160697817802429,0
73,8,926.9166259765625,227.43951416015625,987.2551879882812,362.551025390625,0.38175415992736816,0
73,10,1198.61181640625,177.01303100585938,1283.601318359375,346.1374816894531,0.6362264156341553,0
73,12,991.9485473632812,214.09669494628906,1063.808837890625,352.75970458984375,0.44879740476608276,0
73,13,839.5494384765625,223.4444580078125,900.9904174804688,361.50201416015625,0.3307981491088867,0
73,15,770.57177734375,226.83892822265625,845.68212890625,370.8701477050781,0.48513785004615784,0
73,33,535.1746215820312,525.8565673828125,652.181884765625,755.5237426757812,0.8974311947822571,0
73,41,1108.1072998046875,201.89877319335938,1181.5517578125,351.05224609375,0.4679277539253235,0
73,59,1277.3829345703125,184.46575927734375,1364.7310791015625,343.32476806640625,0.38194578886032104,0
73,5,756.3544311523438,443.5456848144531,849.9226684570312,690.6890258789062,0.5603775382041931,0
73,11,771.442626953125,416.5917663574219,871.593505859375,667.8303833007812,0.48911911249160767,0
73,16,592.8314819335938,225.31161499023438,665.9254150390625,377.76947021484375,0.2432657778263092,0
74,1,122.31558990478516,709.1444702148438,281.8617858886719,993.9968872070312,0.9204095602035522,0
74,2,1398.61279296875,502.09075927734375,1554.54638671875,743.7765502929688,0.7739620208740234,0
74,3,571.1253051757812,411.44427490234375,660.4923706054688,636.2210693359375,0.8122128248214722,0
74,4,1359.33642578125,430.4839782714844,1456.4864501953125,632.067138671875,0.7618051767349243,0
74,6,1824.1409912109375,654.2399291992188,1920.0,917.3119506835938,0.827480137348175,0
74,8,940.8057250976562,227.3214874267578,1001.6014404296875,362.9565124511719,0.4389092028141022,0
74,10,1212.464111328125,176.82794189453125,1297.0123291015625,345.0119323730469,0.465504914522171,0
74,12,1005.205810546875,214.6824188232422,1076.34765625,351.59930419921875,0.39184537529945374,0
74,13,853.7355346679688,223.57070922851562,915.3618774414062,362.9459228515625,0.4260790944099426,0
74,15,784.8792114257812,226.37916564941406,859.9197998046875,370.0272521972656,0.4420819878578186,0
74,33,541.9139404296875,522.5731201171875,664.5079345703125,754.7133178710938,0.9016780257225037,0
74,41,1123.1663818359375,201.466796875,1196.3050537109375,350.03240966796875,0.36611390113830566,0
74,59,1292.2618408203125,184.38827514648438,1380.523193359375,343.5749206542969,0.34830883145332336,0
74,5,759.3185424804688,445.6310119628906,852.8843383789062,690.0802612304688,0.8234555721282959,0
74,11,784.6148681640625,416.8489990234375,873.0030517578125,640.5003662109375,0.6218407154083252,0
74,16,606.6760864257812,224.8137969970703,679.0960083007812,376.4969177246094,0.3600982427597046,0
75,1,118.0472640991211,713.8543090820312,282.35498046875,991.9295654296875,0.9153639078140259,0
75,2,1389.54541015625,500.01910400390625,1545.1806640625,743.78857421875,0.7725141048431396,0
75,3,581.1922607421875,411.8653259277344,671.0895385742188,635.1287841796875,0.8269639611244202,0
75,4,1364.356689453125,428.1908264160156,1458.49951171875,628.2799072265625,0.5651029348373413,0
75,6,1832.70849609375,653.3292236328125,1920.0,918.21484375,0.7893423438072205,0
75,8,955.7244262695312,226.70968627929688,1016.880615234375,363.1330261230469,0.4910770654678345,0
75,10,1228.080322265625,176.9120635986328,1313.239013671875,345.7187805175781,0.562460720539093,0
75,12,1019.2354736328125,215.86904907226562,1090.52392578125,352.6443176269531,0.45051679015159607,0
75,13,868.4307250976562,222.39874267578125,931.01123046875,364.3096618652344,0.3425654470920563,0
75,15,799.7281494140625,229.2745361328125,873.2738037109375,369.3225402832031,0.4343336820602417,0
75,33,545.2586059570312,518.921630859375,673.7017822265625,754.3980712890625,0.903515100479126,0
75,41,1139.205810546875,200.91876220703125,1212.284423828125,349.35284423828125,0.36314862966537476,0
75,59,1308.657470703125,183.74481201171875,1395.3397216796875,339.86395263671875,0.3230397403240204,0
75,5,757.873046875,447.9582824707031,851.8346557617188,687.4799194335938,0.6442180275917053,0
75,11,787.0671997070312,417.10772705078125,882.0361328125,663.30078125,0.6944550275802612,0
75,16,622.502685546875,224.72235107421875,694.8541870117188,376.1034240722656,0.26906439661979675,0
76,1,111.48418426513672,717.1455688476562,279.9692687988281,989.8262329101562,0.9056091904640198,0
76,2,1385.6959228515625,496.6054992675781,1539.686767578125,744.5880737304688,0.8651466965675354,0
76,3,589.1128540039062,412.80474853515625,679.6896362304688,635.9223022460938,0.8685675263404846,0
76,4,1372.7552490234375,425.2880554199219,1456.17919921875,603.5742797851562,0.3649187684059143,0
76,6,1842.2786865234375,649.3721923828125,1920.0,919.2427978515625,0.7262914776802063,0
76,8,970.4379272460938,226.96446228027344,1031.7257080078125,363.5399475097656,0.4681950807571411,0
76,10,1243.4637451171875,177.73402404785156,1328.35107421875,345.5848388671875,0.6439716815948486,0
76,12,1034.6212158203125,214.89158630371094,1106.51123046875,351.9064025878906,0.45805051922798157,0
76,13,883.0865478515625,222.21636962890625,945.01416015625,363.3455810546875,0.3129132091999054,0
76,15,814.737060546875,228.56675720214844,888.2294311523438,367.57159423828125,0.278050035238266,0
76,33,545.0118408203125,515.1025390625,678.7359008789062,754.0803833007812,0.8978650569915771,0
76,41,1153.9593505859375,200.4496612548828,1227.5821533203125,350.2597961425781,0.4457341432571411,0
76,59,1323.71435546875,183.90234375,1411.8504638671875,342.3945617675781,0.3487975597381592,0
76,5,757.512939453125,450.4434814453125,854.633056640625,692.7178955078125,0.7385364770889282,0
76,11,794.902587890625,417.44561767578125,886.9024047851562,659.7937622070312,0.7727574110031128,0
76,16,635.923828125,223.95074462890625,708.1298828125,375.83526611328125,0.25196573138237,0
77,1,102.33678436279297,718.1407470703125,274.9684143066406,988.6941528320312,0.9132223725318909,0
77,2,1385.198486328125,484.6181335449219,1544.429443359375,745.788330078125,0.6752925515174866,0
77,3,597.0531616210938,413.1599426269531,687.8298950195312,635.8074951171875,0.8758751153945923,0
77,4,1382.92724609375,423.0733642578125,1456.9442138671875,581.5980224609375,0.11114392429590225,0
77,10,1258.2764892578125,177.6903533935547,1343.180419921875,345.20379638671875,0.6468719244003296,0
77,12,1050.121337890625,214.2852325439453,1123.217529296875,352.39385986328125,0.5142776966094971,0
77,13,898.1600341796875,221.31588745117188,960.4375,363.75164794921875,0.4691163897514343,0
77,15,828.2630615234375,227.80882263183594,901.5053100585938,366.52935791015625,0.3941464424133301,0
77,33,540.0469360351562,508.1462097167969,678.98583984375,752.956298828125,0.8769431114196777,0
77,41,1169.1505126953125,200.5126190185547,1242.7275390625,349.6204833984375,0.4124414026737213,0
77,59,1339.619140625,184.8212890625,1428.4119873046875,343.01556396484375,0.4304789900779724,0
77,5,757.4371337890625,452.80902099609375,850.8089599609375,687.656982421875,0.5591424107551575,0
77,11,792.5787353515625,417.6373291015625,889.4539794921875,666.8720703125,0.5345430970191956,0
77,16,653.015869140625,224.50860595703125,724.0951538085938,375.06243896484375,0.3947373628616333,0
77,78,985.2091064453125,226.58563232421875,1055.86572265625,361.17938232421875,0.47917598485946655,0
78,1,93.14453887939453,718.4271240234375,268.31866455078125,988.1231689453125,0.895025908946991,0
78,2,1381.8265380859375,471.91656494140625,1548.8106689453125,746.7068481445312,0.6594471335411072,0
78,3,607.346923828125,413.75042724609375,698.80810546875,635.5814819335938,0.8683475255966187,0
78,4,1398.525634765625,422.4031677246094,1459.8408203125,548.419921875,0.40836676955223083,0
78,10,1276.0657958984375,178.03509521484375,1361.3306884765625,345.2943420410156,0.6172676682472229,0
78,12,1067.525390625,214.8399200439453,1140.6524658203125,351.9423522949219,0.5138588547706604,0
78,13,913.67138671875,220.0083465576172,976.9640502929688,365.29034423828125,0.363785982131958,0
78,15,844.1232299804688,228.6986083984375,916.4910888671875,366.62017822265625,0.3834703266620636,0
78,33,533.7965698242188,502.2178649902344,676.1483154296875,752.2171020507812,0.8594340085983276,0
78,41,1186.726806640625,198.40330505371094,1261.024658203125,349.1949768066406,0.4289887845516205,0
78,59,1356.799072265625,183.30908203125,1444.85595703125,340.34820556640625,0.42739376425743103,0
78,5,761.6552124023438,454.0945129394531,847.2637329101562,675.6315307617188,0.5619828104972839,0
78,11,799.8543090820312,419.3777770996094,899.7813110351562,669.9362182617188,0.745869517326355,0
78,16,671.7117919921875,223.93002319335938,742.5111694335938,374.39642333984375,0.3026092052459717,0
78,8,1001.26611328125,225.79588317871094,1062.83056640625,363.01092529296875,0.5501659512519836,0
79,1,82.0230712890625,713.6075439453125,259.7771911621094,985.98828125,0.891125500202179,0
79,2,1373.361572265625,440.86907958984375,1557.8280029296875,746.3901977539062,0.796686589717865,0
79,3,618.2919311523438,414.7567443847656,711.311767578125,636.2698364257812,0.8872689604759216,0
79,10,1292.9754638671875,178.84158325195312,1377.722412109375,344.109619140625,0.5720176696777344,0
79,12,1083.9482421875,213.20916748046875,1158.0731201171875,351.7212829589844,0.39149418473243713,0
79,13,930.721435546875,219.33126831054688,993.0109252929688,363.18072509765625,0.3507925271987915,0
79,15,862.3380737304688,225.62286376953125,936.0598754882812,365.7992858886719,0.3223961591720581,0
79,33,526.0520629882812,495.8473815917969,669.7969970703125,751.2130737304688,0.8441107273101807,0
79,41,1202.7806396484375,198.34890747070312,1277.0894775390625,349.6201477050781,0.435269296169281,0
79,59,1372.3743896484375,183.17535400390625,1461.9188232421875,343.1513977050781,0.39601990580558777,0
79,5,763.7784423828125,452.63421630859375,844.1192626953125,667.0296020507812,0.5738534927368164,0
79,11,810.1748657226562,421.7704772949219,909.7249755859375,659.2501831054688,0.8007376194000244,0
79,16,686.1630859375,223.0522003173828,757.0811157226562,374.7526550292969,0.2564418315887451,0
79,8,1018.0653076171875,225.66835021972656,1079.619873046875,362.6359558105469,0.45033445954322815,0
80,1,81.26524353027344,706.552001953125,265.09136962890625,985.88134765625,0.8804500699043274,0
80,2,1379.061279296875,431.2367858886719,1567.240478515625,745.2234497070312,0.7591349482536316,0
80,3,630.859375,415.3748779296875,725.1287841796875,634.8145141601562,0.8660657405853271,0
80,10,1310.06591796875,178.94964599609375,1395.239990234375,344.1832580566406,0.5921425223350525,0
80,12,1100.748779296875,212.5233917236328,1175.7188720703125,351.7398376464844,0.5026951432228088,0
80,13,946.3587646484375,219.14578247070312,1009.232177734375,364.3721008300781,0.41336020827293396,0
80,15,876.2552490234375,224.4525909423828,950.6625366210938,365.50665283203125,0.3974553048610687,0
80,33,527.4937744140625,490.0316162109375,673.4014892578125,750.84521484375,0.8680353760719299,0
80,41,1220.0638427734375,197.23727416992188,1294.380126953125,348.7545471191406,0.3521251678466797,0
80,59,1391.152587890625,182.57192993164062,1481.610595703125,343.4723815917969,0.3780086636543274,0
80,5,762.7030639648438,449.8410339355469,848.6971435546875,683.3308715820312,0.7975049018859863,0
80,11,831.4827270507812,423.72552490234375,928.758544921875,649.6494140625,0.8558309078216553,0
80,16,703.2251586914062,222.8813934326172,773.4869995117188,373.9003601074219,0.327362596988678,0
80,8,1035.9959716796875,225.47085571289062,1096.9901123046875,360.6929016113281,0.4938371479511261,0
81,1,79.80856323242188,695.8803100585938,270.7154235839844,982.5810546875,0.8914535045623779,0
81,2,1388.6029052734375,463.1717834472656,1561.8621826171875,747.2392578125,0.8596165776252747,0
81,3,644.1360473632812,415.543701171875,740.1326293945312,633.531005859375,0.8586700558662415,0
81,10,1327.3125,178.47691345214844,1413.371826171875,344.26239013671875,0.7291701436042786,0
81,12,1118.16796875,212.1768341064453,1193.613037109375,351.3856506347656,0.5377450585365295,0
81,13,964.4764404296875,219.26327514648438,1027.3936767578125,364.5893859863281,0.39744824171066284,0
81,15,892.3836059570312,222.74334716796875,967.4674072265625,365.2914733886719,0.42144185304641724,0
81,33,532.4833374023438,484.9256896972656,678.623046875,747.9724731445312,0.9056269526481628,0
81,41,1237.8603515625,197.62693786621094,1312.162109375,348.9709167480469,0.44000980257987976,0
81,59,1409.515869140625,183.39930725097656,1499.012451171875,342.3150634765625,0.49257561564445496,0
81,5,765.08349609375,447.8817443847656,854.1466674804688,687.14697265625,0.803068220615387,0
81,11,845.26611328125,424.24493408203125,943.9208374023438,646.199462890625,0.8561035990715027,0
81,16,720.2245483398438,221.33480834960938,790.8723754882812,373.3858337402344,0.39459121227264404,0
81,8,1053.09814453125,225.05679321289062,1114.426513671875,360.7972717285156,0.5248486399650574,0
81,123,537.4310302734375,193.33782958984375,614.6253662109375,342.976318359375,0.5569787621498108,0
81,4,1416.3812255859375,427.1277160644531,1512.05810546875,622.0009765625,0.8139796257019043,0
82,1,79.33834838867188,686.6326293945312,276.9284362792969,979.9395751953125,0.9117029309272766,0
82,2,1395.95263671875,479.6623229980469,1560.9976806640625,747.1250610351562,0.8628554344177246,0
82,3,657.3104858398438,414.92669677734375,756.2586669921875,634.9644775390625,0.8715437650680542,0
82,10,1345.2047119140625,178.77798461914062,1431.647705078125,344.7138671875,0.7084859013557434,0
82,12,1134.888916015625,210.79396057128906,1211.1051025390625,351.503662109375,0.4909461438655853,0
82,13,990.9852294921875,218.28530883789062,1055.9112548828125,361.2564392089844,0.1491333693265915,0
82,15,910.8819580078125,220.13026428222656,986.7780151367188,364.76959228515625,0.39319121837615967,0
82,33,535.1942749023438,481.27703857421875,681.38671875,747.8312377929688,0.8776687383651733,0
82,41,1255.6739501953125,196.65060424804688,1330.0164794921875,348.2734375,0.4570470154285431,0
82,59,1427.2406005859375,182.96229553222656,1516.068115234375,340.3282470703125,0.5178819298744202,0
82,5,768.6537475585938,446.9880676269531,859.865234375,687.7681884765625,0.8261613845825195,0
82,11,856.4188232421875,423.2373352050781,957.6810913085938,643.8046875,0.871508002281189,0
82,8,1070.3480224609375,221.96466064453125,1132.099609375,358.7355041503906,0.44857820868492126,0
82,123,554.0518188476562,192.58973693847656,630.9285888671875,341.65057373046875,0.3609537184238434,0
82,4,1425.966796875,429.94549560546875,1528.2816162109375,634.0531005859375,0.8195544481277466,0
82,78,980.2677612304688,218.35806274414062,1053.8790283203125,361.5159912109375,0.3072916865348816,0
83,1,80.1612319946289,681.4888305664062,281.3889465332031,976.81201171875,0.9120488166809082,0
83,2,1395.6744384765625,487.9130554199219,1558.463134765625,751.140380859375,0.8600917458534241,0
83,3,669.8751831054688,413.81024169921875,772.7359619140625,638.4618530273438,0.8664751052856445,0
83,10,1363.1087646484375,179.09469604492188,1449.4708251953125,343.6521301269531,0.6247973442077637,0
83,12,1153.5389404296875,210.34146118164062,1229.7259521484375,350.7253112792969,0.5074695348739624,0
83,13,1003.1470947265625,216.85589599609375,1067.7686767578125,360.5205993652344,0.39458736777305603,0
83,15,927.080810546875,218.15943908691406,1003.8955688476562,364.0187072753906,0.4085957109928131,0
83,33,537.44921875,480.9310302734375,681.3181762695312,749.3950805664062,0.8721202611923218,0
83,41,1274.5689697265625,196.42367553710938,1348.370361328125,346.87774658203125,0.4462183117866516,0
83,59,1444.4339599609375,182.0205841064453,1534.5567626953125,342.0242004394531,0.5317764282226562,0
83,5,768.8915405273438,448.8956298828125,861.0139770507812,687.677734375,0.7923089861869812,0
83,11,864.0067749023438,421.0224304199219,968.412353515625,641.79248046875,0.8717184662818909,0
83,8,1088.052734375,221.50595092773438,1149.890625,358.26104736328125,0.43719011545181274,0
83,123,572.2630615234375,188.64076232910156,650.9071655273438,341.34356689453125,0.4064652919769287,0
83,4,1436.33154296875,432.987548828125,1542.5557861328125,638.4281616210938,0.8252341151237488,0
83,16,760.005615234375,219.23849487304688,827.6817016601562,366.1488952636719,0.33760908246040344,0
84,1,79.85078430175781,679.2373657226562,284.41644287109375,976.0123291015625,0.9048309326171875,0
84,2,1393.7088623046875,492.9105529785156,1553.8494873046875,754.0222778320312,0.8576772212982178,0
84,3,675.1884155273438,412.1749267578125,777.2605590820312,635.5000610351562,0.809676468372345,0
84,10,1384.94091796875,179.86293029785156,1472.28271484375,343.7571105957031,0.5718811750411987,0
84,12,1170.0096435546875,209.0984344482422,1247.0509033203125,351.44500732421875,0.4446789026260376,0
84,13,1018.1351318359375,215.992431640625,1082.343017578125,359.3153991699219,0.3855600357055664,0
84,15,943.4916381835938,217.42608642578125,1021.3696899414062,364.22174072265625,0.3292981684207916,0
84,33,541.3860473632812,481.7440185546875,682.3795776367188,753.4392700195312,0.883716881275177,0
84,41,1292.9014892578125,195.66554260253906,1366.6138916015625,345.75823974609375,0.3987891674041748,0
84,59,1464.740478515625,179.53265380859375,1555.2215576171875,340.5069580078125,0.4011531472206116,0
84,5,770.1473388671875,452.2047119140625,862.4588012695312,687.37158203125,0.7928822040557861,0
84,11,869.5396118164062,418.2877197265625,977.1112670898438,640.2185668945312,0.7159835696220398,0
84,8,1106.426025390625,219.69979858398438,1168.3265380859375,357.09869384765625,0.47683972120285034,0
84,123,590.42724609375,187.3873291015625,669.8126831054688,341.68798828125,0.4050499498844147,0
84,4,1444.524658203125,434.03082275390625,1554.4027099609375,640.8614501953125,0.8208643198013306,0
84,16,775.6482543945312,220.14657592773438,843.6390380859375,368.2194519042969,0.2894848585128784,0
85,1,78.28829193115234,677.85400390625,286.23834228515625,976.6417236328125,0.9110692143440247,0
85,2,1383.7506103515625,491.315185546875,1542.4898681640625,754.0037841796875,0.8155336976051331,0
85,3,682.38818359375,410.5243835449219,783.094482421875,633.3391723632812,0.7923986911773682,0
85,10,1399.988037109375,178.43807983398438,1488.0885009765625,343.21038818359375,0.6388152241706848,0
85,12,1186.9542236328125,208.46221923828125,1263.0916748046875,350.770751953125,0.4787914454936981,0
85,13,1036.9080810546875,214.91262817382812,1101.294189453125,359.485595703125,0.31310299038887024,0
85,15,964.8966064453125,221.13949584960938,1040.3170166015625,362.8755187988281,0.38054245710372925,0
85,33,550.0780639648438,485.4228210449219,684.7266235351562,754.390869140625,0.8946444988250732,0
85,41,1312.5255126953125,195.4862823486328,1386.8070068359375,345.9735107421875,0.3335031569004059,0
85,59,1483.8763427734375,179.85850524902344,1574.47607421875,340.1236877441406,0.44560691714286804,0
85,5,773.4676513671875,454.0884704589844,865.4851684570312,685.7534790039062,0.7967422008514404,0
85,11,874.4717407226562,416.1201477050781,984.7708129882812,640.89111328125,0.848846971988678,0
85,8,1124.444091796875,219.31143188476562,1186.1195068359375,357.0230712890625,0.5348970890045166,0
85,123,610.70751953125,187.91111755371094,688.7410278320312,339.7461242675781,0.5322312712669373,0
85,4,1450.2899169921875,434.7100524902344,1561.487060546875,638.8759765625,0.7103816270828247,0
85,16,795.5589599609375,218.44178771972656,864.1997680664062,367.8976745605469,0.301447331905365,0
86,1,75.78186798095703,678.7879028320312,285.63653564453125,978.8895874023438,0.9028149247169495,0
86,2,1379.510009765625,488.5136413574219,1537.408447265625,753.7435302734375,0.8646863102912903,0
86,3,697.0433959960938,409.0394592285156,797.10205078125,629.7066040039062,0.8455151915550232,0
86,10,1421.317626953125,178.48545837402344,1510.279541015625,343.6552429199219,0.6970052719116211,0
86,12,1211.092041015625,208.69363403320312,1287.9541015625,350.7511901855469,0.4783412218093872,0
86,13,1056.3916015625,214.35528564453125,1120.1927490234375,358.4245910644531,0.4033566415309906,0
86,15,984.7622680664062,219.49658203125,1060.7552490234375,362.72601318359375,0.40413719415664673,0
86,33,558.864501953125,489.40435791015625,688.321533203125,754.48291015625,0.8923145532608032,0
86,41,1333.3701171875,194.2315673828125,1408.21875,345.53436279296875,0.4122200906276703,0
86,59,1505.2276611328125,180.82211303710938,1594.7379150390625,339.0748291015625,0.4632126986980438,0
86,5,781.9180297851562,453.1526794433594,873.2391357421875,682.6641235351562,0.7586294412612915,0
86,11,879.4920654296875,413.4790344238281,989.6235961914062,638.4169921875,0.7676634192466736,0
86,8,1143.6319580078125,219.0872802734375,1205.0909423828125,356.77459716796875,0.4681991934776306,0
86,123,630.8010864257812,188.9485626220703,707.9398803710938,339.19287109375,0.5496223568916321,0
86,4,1452.4058837890625,435.7552490234375,1559.324951171875,629.966064453125,0.4777820110321045,0
86,16,817.359619140625,217.7039337158203,886.3529663085938,366.9028015136719,0.37437039613723755,0
87,1,71.02986145019531,679.7644653320312,279.99688720703125,979.1851196289062,0.9010047912597656,0
87,2,1383.60888671875,485.5185852050781,1542.8365478515625,754.7315063476562,0.8508018255233765,0
87,3,706.4229125976562,407.1884765625,806.968505859375,630.027587890625,0.8378866910934448,0
87,10,1439.8277587890625,178.6931915283203,1528.923828125,343.0873718261719,0.5982875823974609,0
87,12,1229.0731201171875,207.3489990234375,1306.631103515625,350.1506652832031,0.5561776757240295,0
87,13,1074.99560546875,213.73245239257812,1138.005859375,356.6151428222656,0.40111321210861206,0
87,15,1003.2327880859375,218.80096435546875,1078.259521484375,359.5760803222656,0.2837787866592407,0
87,33,565.37890625,493.17620849609375,693.0411376953125,755.3095703125,0.9032513499259949,0
87,41,1352.334716796875,192.4488983154297,1427.6346435546875,344.9306335449219,0.3789904713630676,0
87,59,1526.0386962890625,180.83230590820312,1614.7666015625,336.87158203125,0.4074340760707855,0
87,5,791.0902099609375,451.1036682128906,881.521240234375,677.6377563476562,0.8163100481033325,0
87,11,885.3341674804688,411.3262634277344,995.7976684570312,639.79931640625,0.8547264933586121,0
87,8,1163.2508544921875,217.0051727294922,1225.2215576171875,355.4590759277344,0.4954489767551422,0
87,123,650.5487060546875,187.97593688964844,727.3709716796875,337.6844482421875,0.3527734875679016,0
87,4,1459.392822265625,437.0521240234375,1565.02587890625,626.55322265625,0.5448938608169556,0
87,16,835.9288940429688,217.3133544921875,903.08544921875,363.4553527832031,0.2799624800682068,0
88,1,65.24056243896484,680.0502319335938,270.4544677734375,977.3718872070312,0.8599622845649719,0
88,2,1388.1812744140625,484.0475769042969,1548.2520751953125,755.3374633789062,0.8724530339241028,0
88,3,713.4647827148438,405.56292724609375,813.9710693359375,631.6425170898438,0.8499442338943481,0
88,10,1459.640380859375,179.78379821777344,1548.9703369140625,342.3408508300781,0.550788938999176,0
88,12,1247.9617919921875,207.23533630371094,1325.472412109375,350.1645202636719,0.4534929692745209,0
88,13,1094.931640625,213.0933380126953,1157.3341064453125,354.9084167480469,0.4237231910228729,0
88,15,1022.6301879882812,219.60284423828125,1096.3890380859375,357.7197570800781,0.28269991278648376,0
88,33,570.550048828125,495.27838134765625,700.26904296875,758.1868896484375,0.9009656310081482,0
88,41,1371.6270751953125,193.0729522705078,1446.988037109375,345.5683288574219,0.3756425976753235,0
88,59,1545.5364990234375,180.25186157226562,1633.9891357421875,335.3721618652344,0.30914244055747986,0
88,5,797.3477783203125,448.1075744628906,887.6346435546875,670.3082885742188,0.8510815501213074,0
88,11,890.875732421875,408.45880126953125,1000.249267578125,640.2608032226562,0.81789231300354,0
88,8,1183.78076171875,217.1448211669922,1245.4573974609375,354.21563720703125,0.4455331265926361,0
88,123,669.9771728515625,186.68211364746094,747.4711303710938,338.09326171875,0.31459471583366394,0
88,4,1461.9400634765625,435.5395812988281,1569.7799072265625,629.4081420898438,0.6549955606460571,0
88,16,855.9655151367188,215.19802856445312,921.3148803710938,358.6431884765625,0.35038796067237854,0
89,1,59.199527740478516,679.5798950195312,259.2489318847656,974.8660888671875,0.8916634917259216,0
89,2,1392.347900390625,483.0525817871094,1554.1942138671875,755.93359375,0.88211590051651,0
89,3,723.7479858398438,405.5484313964844,824.0304565429688,633.2767333984375,0.8640560507774353,0
89,10,1480.6522216796875,182.09642028808594,1570.0491943359375,343.5333251953125,0.4492533802986145,0
89,12,1266.4400634765625,207.08372497558594,1343.5321044921875,349.969970703125,0.3894122540950775,0
89,13,1115.1234130859375,212.76051330566406,1176.6158447265625,352.3515625,0.2693629264831543,0
89,15,1042.150146484375,216.81004333496094,1117.1439208984375,357.66534423828125,0.3127618432044983,0
89,33,577.6161499023438,495.7776184082031,711.1917114257812,760.5695190429688,0.9077634215354919,0
89,41,1392.8587646484375,193.6943817138672,1467.9840087890625,346.227783203125,0.3678114712238312,0
89,59,1565.648193359375,179.43429565429688,1654.9376220703125,335.79229736328125,0.27058401703834534,0
89,5,802.2349853515625,443.21246337890625,894.3195190429688,664.928955078125,0.8329269289970398,0
89,11,899.6162109375,406.0827941894531,1006.6883544921875,640.5630493164062,0.7978537678718567,0
89,8,1204.77099609375,218.24667358398438,1266.170166015625,354.2469787597656,0.4395875036716461,0
89,123,689.9019775390625,185.53146362304688,766.98388671875,336.2420654296875,0.3256444036960602,0
89,4,1459.9344482421875,433.7535400390625,1573.38134765625,641.8860473632812,0.7413433194160461,0
89,16,874.5452880859375,214.86367797851562,938.91943359375,356.8385925292969,0.35339978337287903,0
90,1,56.89263916015625,675.6490478515625,256.3204040527344,973.053955078125,0.874438464641571,0
90,2,1391.4251708984375,483.97894287109375,1555.8994140625,757.0441284179688,0.8925471305847168,0
90,3,734.6400756835938,404.74359130859375,835.05810546875,633.8646850585938,0.8297364115715027,0
90,10,1500.005859375,181.94662475585938,1590.409912109375,343.2881164550781,0.4149930477142334,0
90,12,1286.1800537109375,205.67552185058594,1362.8602294921875,348.51904296875,0.4489328861236572,0
90,13,1134.97216796875,212.38302612304688,1197.4510498046875,354.6865539550781,0.3067571222782135,0
90,15,1059.054931640625,219.10609436035156,1132.9462890625,357.35455322265625,0.3267327845096588,0
90,33,587.4863891601562,495.024169921875,725.6962890625,762.79052734375,0.8950020670890808,0
90,41,1412.89501953125,194.40574645996094,1487.5831298828125,345.7044677734375,0.29260772466659546,0
90,59,1586.5986328125,177.47210693359375,1677.3209228515625,336.1817932128906,0.24373814463615417,0
90,5,807.6844482421875,440.04376220703125,903.852783203125,668.0263671875,0.8392564058303833,0
90,11,913.3453369140625,403.8578796386719,1018.8959350585938,640.4253540039062,0.870280921459198,0
90,8,1223.2698974609375,214.7725067138672,1285.9571533203125,354.2834777832031,0.4851684868335724,0
90,123,709.3889770507812,184.47967529296875,786.0821533203125,334.5739440917969,0.40807482600212097,0
90,4,1465.84912109375,430.9117126464844,1582.068115234375,647.5177612304688,0.7523496747016907,0
90,16,896.3548583984375,213.882080078125,962.0130004882812,358.7733459472656,0.34042099118232727,0
91,1,59.80192947387695,669.2512817382812,261.1439514160156,971.687744140625,0.9121255278587341,0
91,2,1388.9327392578125,487.5588684082031,1554.295166015625,758.72998046875,0.8965363502502441,0
91,3,745.6190185546875,405.7644348144531,846.439697265625,635.8828125,0.8480182886123657,0
91,10,1523.1002197265625,181.70816040039062,1615.406005859375,343.255126953125,0.5235412120819092,0
91,12,1308.953857421875,205.86651611328125,1386.19140625,348.4493713378906,0.44671308994293213,0
91,13,1155.264404296875,212.31539916992188,1217.828369140625,354.7840881347656,0.32836678624153137,0
91,15,1081.1695556640625,216.41944885253906,1156.5196533203125,357.763916015625,0.3427675664424896,0
91,33,597.8576049804688,494.68487548828125,739.375,763.989501953125,0.901106059551239,0
91,41,1432.402099609375,193.46109008789062,1507.62744140625,345.2425537109375,0.40614378452301025,0
91,59,1607.7757568359375,175.4714813232422,1698.8939208984375,334.67437744140625,0.254194438457489,0
91,5,815.9131469726562,436.6736145019531,913.5427856445312,666.351318359375,0.8224751949310303,0
91,11,928.1627807617188,403.1515197753906,1032.671630859375,641.45556640625,0.8366302847862244,0
91,8,1242.7081298828125,213.71897888183594,1305.6107177734375,353.4261779785156,0.4585389196872711,0
91,123,728.6614990234375,183.5121307373047,805.0177001953125,333.2372131347656,0.42524027824401855,0
91,4,1474.8248291015625,425.87799072265625,1593.96435546875,649.1296997070312,0.8744823336601257,0
91,16,917.9136352539062,213.85499572753906,984.7616577148438,360.8215637207031,0.39543455839157104,0
91,78,975.6466674804688,219.55026245117188,1047.820068359375,361.16119384765625,0.36760106682777405,0
92,1,61.77253723144531,663.47705078125,266.0817565917969,971.0482177734375,0.8949324488639832,0
92,2,1391.9149169921875,491.93768310546875,1556.197509765625,761.995361328125,0.8864817023277283,0
92,3,754.980712890625,407.4967041015625,856.351318359375,637.7869262695312,0.7912948727607727,0
92,10,1539.3160400390625,181.00253295898438,1632.128662109375,342.55950927734375,0.5757564306259155,0
92,12,1327.751708984375,205.33364868164062,1405.0860595703125,347.77532958984375,0.4362870156764984,0
92,13,1174.2030029296875,210.83995056152344,1237.1416015625,354.2291259765625,0.26105934381484985,0
92,15,1102.4925537109375,216.4062042236328,1177.5667724609375,357.2704772949219,0.284248024225235,0
92,33,607.1410522460938,494.4780578613281,749.098388671875,763.1679077148438,0.9013360142707825,0
92,41,1452.184326171875,192.35975646972656,1527.808837890625,344.65240478515625,0.4143233299255371,0
92,59,1627.93359375,175.6373748779297,1720.54345703125,336.6662902832031,0.37699878215789795,0
92,5,827.4566650390625,435.1055908203125,925.09130859375,665.37158203125,0.804478645324707,0
92,11,937.1754150390625,402.58660888671875,1042.591064453125,642.6563720703125,0.8479728698730469,0
92,8,1261.838134765625,213.42454528808594,1324.739013671875,353.29345703125,0.39535605907440186,0
92,123,747.3233032226562,183.67408752441406,823.4728393554688,333.7553405761719,0.24729545414447784,0
92,4,1482.45458984375,421.5064697265625,1604.24365234375,649.448486328125,0.8719794750213623,0
92,16,935.6727905273438,213.6004180908203,1001.7366333007812,359.3740234375,0.29401588439941406,0
92,182,0.0,267.28106689453125,79.61797332763672,448.470947265625,0.5171824097633362,0
92,78,986.0802612304688,219.4733123779297,1058.883056640625,360.7807922363281,0.3199221193790436,0
93,1,63.94516372680664,658.7389526367188,270.8552551269531,969.545166015625,0.9040807485580444,0
93,2,1392.1376953125,495.5672607421875,1552.783935546875,763.1862182617188,0.8759297728538513,0
93,3,765.2471923828125,409.7493896484375,866.7814331054688,638.074951171875,0.8480722308158875,0
93,10,1558.9400634765625,181.9459228515625,1652.4564208984375,342.979736328125,0.4186287224292755,0
93,12,1349.35986328125,204.22166442871094,1428.3336181640625,347.90728759765625,0.5042558312416077,0
93,13,1192.6160888671875,210.25047302246094,1255.7115478515625,354.0566101074219,0.27381327748298645,0
93,15,1120.9671630859375,214.37136840820312,1196.1011962890625,355.52099609375,0.2640468180179596,0
93,33,612.3524780273438,493.0473937988281,752.7598266601562,762.52685546875,0.9094535112380981,0
93,41,1471.7926025390625,190.09071350097656,1548.26123046875,344.59393310546875,0.4338158965110779,0
93,59,1650.3392333984375,176.96031188964844,1742.1485595703125,336.05120849609375,0.23568521440029144,0
93,5,841.9768676757812,433.1080322265625,938.9191284179688,664.7322998046875,0.8236923217773438,0
93,11,945.5239868164062,401.0064697265625,1052.51611328125,642.576171875,0.874660849571228,0
93,8,1281.9923095703125,215.0272216796875,1344.272705078125,352.8470153808594,0.3350977301597595,0
93,123,766.3977661132812,182.0120391845703,842.9300537109375,333.4561462402344,0.23208288848400116,0
93,4,1488.5257568359375,418.9660949707031,1612.109619140625,648.2732543945312,0.8650976419448853,0
93,16,953.8138427734375,212.7378692626953,1019.7919311523438,359.7299499511719,0.2921232283115387,0
93,182,0.0,254.7466583251953,82.47595977783203,447.9614562988281,0.5152347087860107,0
94,1,63.09928512573242,656.8312377929688,271.4353942871094,966.5320434570312,0.9134749174118042,0
94,2,1385.5941162109375,497.564697265625,1542.25048828125,763.9445190429688,0.8688485622406006,0
94,3,775.5194702148438,412.858154296875,878.6198120117188,641.3292846679688,0.8065502643585205,0
94,10,1578.0528564453125,181.71627807617188,1672.3543701171875,342.5985107421875,0.47466015815734863,0
94,12,1367.76416015625,204.93190002441406,1446.6142578125,347.8239440917969,0.3902435302734375,0
94,13,1212.9615478515625,209.29312133789062,1275.4217529296875,351.63592529296875,0.22598272562026978,0
94,15,1140.699462890625,213.5391082763672,1215.6644287109375,355.02374267578125,0.31024813652038574,0
94,33,611.0447387695312,490.4090576171875,748.8264770507812,761.4374389648438,0.9142062067985535,0
94,41,1491.63916015625,189.52761840820312,1568.3681640625,344.6963806152344,0.36690837144851685,0
94,59,1670.8575439453125,177.42164611816406,1763.174072265625,336.7475280761719,0.26021715998649597,0
94,5,853.0760498046875,430.8702697753906,949.4490356445312,664.9248657226562,0.7955464720726013,0
94,11,957.1746215820312,401.0357666015625,1064.94091796875,642.5360717773438,0.8747793436050415,0
94,8,1302.159423828125,215.9344482421875,1364.4576416015625,353.0184326171875,0.37285175919532776,0
94,123,784.5921630859375,179.39039611816406,861.9359741210938,332.93560791015625,0.3215266764163971,0
94,4,1493.2391357421875,418.02093505859375,1619.1142578125,648.1976928710938,0.8862848281860352,0
94,16,971.4354858398438,213.17355346679688,1037.1279296875,360.2948913574219,0.2615600526332855,0
94,182,0.0,247.2801055908203,82.16767883300781,446.77587890625,0.7148376703262329,0
95,1,60.61562728881836,657.7240600585938,269.6273498535156,964.5632934570312,0.9068639874458313,0
95,2,1376.2879638671875,496.53094482421875,1530.260009765625,765.366943359375,0.8875179290771484,0
95,3,786.9760131835938,415.2349548339844,890.5003051757812,640.9295043945312,0.763640820980072,0
95,10,1596.4488525390625,180.43307495117188,1691.7281494140625,341.3362731933594,0.48297426104545593,0
95,12,1383.6539306640625,204.97238159179688,1460.849853515625,345.9871826171875,0.3517186641693115,0
95,13,1232.43896484375,209.21067810058594,1295.2904052734375,352.70355224609375,0.28976717591285706,0
95,15,1159.081298828125,216.5259246826172,1232.9154052734375,356.04095458984375,0.3299160301685333,0
95,33,609.4948120117188,484.5893249511719,744.9242553710938,759.5089111328125,0.873723030090332,0
95,41,1512.481201171875,191.5626220703125,1588.2117919921875,344.1895751953125,0.3537941575050354,0
95,59,1691.372314453125,177.12220764160156,1784.9378662109375,337.7648010253906,0.23910880088806152,0
95,5,859.7254028320312,428.8194274902344,956.5516357421875,664.6469116210938,0.8064536452293396,0
95,11,968.9132080078125,400.97503662109375,1075.8416748046875,641.529541015625,0.7653120756149292,0
95,8,1321.0247802734375,213.8947296142578,1384.272216796875,353.3740234375,0.4486566185951233,0
95,123,804.3516235351562,180.51182556152344,880.3776245117188,331.6938171386719,0.39834606647491455,0
95,4,1496.47314453125,419.7088928222656,1624.774169921875,651.7057495117188,0.8740330338478088,0
95,182,0.0,244.279541015625,87.717529296875,446.12384033203125,0.6470091342926025,0
96,1,61.72737503051758,661.3404541015625,270.3863525390625,965.4547729492188,0.9068831205368042,0
96,2,1377.8963623046875,494.0343322753906,1531.2855224609375,765.5174560546875,0.8887313604354858,0
96,3,797.83984375,415.8939208984375,902.290771484375,640.2632446289062,0.8238700032234192,0
96,10,1617.26123046875,180.46185302734375,1713.887451171875,341.87017822265625,0.4835929870605469,0
96,12,1404.0577392578125,203.4326934814453,1482.234375,346.7933044433594,0.45695483684539795,0
96,13,1251.5498046875,209.35629272460938,1314.439208984375,352.7059631347656,0.25264742970466614,0
96,15,1178.756103515625,213.419677734375,1253.49755859375,354.8853454589844,0.30628859996795654,0
96,33,611.1994018554688,479.96728515625,742.6361694335938,755.3150024414062,0.9011997580528259,0
96,41,1532.11083984375,191.22328186035156,1608.4302978515625,344.40399169921875,0.3436093032360077,0
96,59,1712.4530029296875,177.3257293701172,1807.099365234375,339.2533874511719,0.2780791223049164,0
96,5,862.566650390625,427.7279357910156,960.4990234375,665.1162719726562,0.7914307713508606,0
96,11,976.9183349609375,401.6673583984375,1081.1318359375,642.209716796875,0.7752642035484314,0
96,8,1340.0841064453125,213.7390899658203,1402.979248046875,352.70263671875,0.4170299768447876,0
96,123,823.269775390625,180.21372985839844,898.228515625,329.3223571777344,0.19793473184108734,0
96,4,1503.8658447265625,423.841064453125,1630.9791259765625,654.2101440429688,0.8604143261909485,0
96,182,1.34160315990448,242.02536010742188,97.95892333984375,445.2087097167969,0.7575212717056274,0
96,16,1012.139404296875,212.06651306152344,1077.7049560546875,358.55322265625,0.2819191813468933,0
97,1,56.4170036315918,665.2382202148438,262.5670166015625,965.5003051757812,0.896501362323761,0
97,2,1382.07666015625,489.8118591308594,1536.830078125,764.8363647460938,0.8822981119155884,0
97,3,806.3722534179688,416.6583251953125,912.3287963867188,643.8975219726562,0.8214015960693359,0
97,10,1636.170654296875,180.00247192382812,1734.1497802734375,342.00872802734375,0.5322463512420654,0
97,12,1422.734619140625,203.69268798828125,1500.3603515625,346.1771240234375,0.450348824262619,0
97,13,1269.1767578125,208.53717041015625,1332.399658203125,352.7132873535156,0.3135152757167816,0
97,15,1197.8914794921875,212.57305908203125,1273.07958984375,354.923583984375,0.2969371974468231,0
97,33,613.045654296875,477.86407470703125,741.078369140625,753.80615234375,0.8863611817359924,0
97,41,1552.154296875,190.89549255371094,1628.6026611328125,344.3378601074219,0.4655150771141052,0
97,59,1734.2818603515625,177.26519775390625,1828.0142822265625,338.1234436035156,0.20847877860069275,0
97,5,867.4822387695312,428.6001892089844,966.1483154296875,665.2564086914062,0.761683464050293,0
97,11,979.3984375,401.0092468261719,1080.0888671875,641.55419921875,0.8063058853149414,0
97,8,1358.888427734375,212.44808959960938,1422.295166015625,352.7255859375,0.3770381212234497,0
97,123,841.8236083984375,181.01011657714844,916.380615234375,329.4529724121094,0.3570111095905304,0
97,4,1507.1810302734375,427.9389953613281,1631.6849365234375,655.9898071289062,0.6680634617805481,0
97,182,11.114089965820312,243.07418823242188,107.30162048339844,444.3492431640625,0.7450464367866516,0
97,16,1028.322998046875,210.49868774414062,1094.8057861328125,359.2358093261719,0.26638680696487427,0
98,1,50.6158561706543,667.0849609375,253.57083129882812,964.118896484375,0.8955200910568237,0
98,2,1385.4346923828125,485.456787109375,1542.094482421875,763.3758544921875,0.8890489339828491,0
98,3,816.1746826171875,416.155517578125,923.3276977539062,647.473876953125,0.755673348903656,0
98,10,1656.259521484375,181.37673950195312,1754.689208984375,342.1760559082031,0.45483848452568054,0
98,12,1442.681884765625,204.23007202148438,1520.3521728515625,346.6625061035156,0.4841575622558594,0
98,13,1288.59912109375,208.07740783691406,1351.129638671875,350.9151611328125,0.3371092677116394,0
98,15,1216.9649658203125,210.83120727539062,1293.2540283203125,355.581787109375,0.31444090604782104,0
98,33,607.7161254882812,477.5423889160156,733.5397338867188,755.8187255859375,0.9081765413284302,0
98,41,1572.5606689453125,189.72691345214844,1649.1116943359375,343.6507873535156,0.45681625604629517,0
98,59,1755.7525634765625,176.1608428955078,1849.595458984375,337.816650390625,0.25044211745262146,0
98,5,869.9717407226562,431.2668151855469,970.2996215820312,664.7824096679688,0.817981481552124,0
98,11,987.2122802734375,398.9535217285156,1087.447265625,641.1146850585938,0.8176589012145996,0
98,8,1377.3187255859375,212.01353454589844,1440.6314697265625,351.9717102050781,0.4002849757671356,0
98,123,859.9772338867188,179.8870391845703,935.07080078125,329.4300842285156,0.4305073618888855,0
98,4,1508.2431640625,429.7080078125,1629.457763671875,656.27294921875,0.7813659310340881,0
98,182,17.235448837280273,244.28500366210938,114.6161880493164,443.304931640625,0.7632615566253662,0
98,16,1047.257568359375,209.32247924804688,1113.4190673828125,358.5282897949219,0.36106863617897034,0
99,1,39.9431037902832,665.5889892578125,240.57168579101562,962.821533203125,0.87298983335495,0
99,2,1381.0726318359375,482.3815002441406,1540.007568359375,759.02978515625,0.8929611444473267,0
99,3,827.903076171875,415.0245666503906,932.96826171875,644.6367797851562,0.8004137277603149,0
99,10,1674.7835693359375,182.15623474121094,1773.865478515625,342.8318176269531,0.3546260893344879,0
99,12,1464.2371826171875,204.32415771484375,1542.7998046875,346.9613342285156,0.3657166361808777,0
99,13,1307.098388671875,207.66012573242188,1369.7181396484375,350.3810119628906,0.3012107014656067,0
99,15,1235.18798828125,211.12823486328125,1311.091064453125,355.6017150878906,0.2980247139930725,0
99,33,600.4409790039062,478.79022216796875,724.3695678710938,759.32470703125,0.9044266939163208,0
99,41,1592.2294921875,188.40811157226562,1669.2841796875,344.1100769042969,0.3324640393257141,0
99,59,1777.973876953125,179.84915161132812,1870.0850830078125,338.4975891113281,0.19078032672405243,0
99,5,879.8289794921875,434.0093994140625,982.533203125,665.4620361328125,0.842291533946991,0
99,11,993.7020874023438,398.2525939941406,1093.517333984375,640.3538818359375,0.8463711738586426,0
99,8,1397.1651611328125,212.33370971679688,1460.904052734375,352.3421936035156,0.3279542326927185,0
99,123,879.1907348632812,180.25900268554688,953.6644897460938,328.1299743652344,0.41004595160484314,0
99,4,1508.76708984375,427.4310302734375,1627.971435546875,656.6001586914062,0.5867800712585449,0
99,182,28.40951156616211,245.2277374267578,127.7057876586914,442.0364990234375,0.7041066884994507,0
99,16,1064.6484375,209.4160919189453,1131.70068359375,360.4443054199219,0.3224096894264221,0
100,1,31.489240646362305,660.292236328125,228.83522033691406,960.0256958007812,0.8632014393806458,0
100,2,1375.035400390625,481.5043029785156,1539.1990966796875,761.2322387695312,0.8997756838798523,0
100,3,840.8018188476562,414.1463928222656,942.645751953125,641.060302734375,0.7303797006607056,0
100,10,1695.1400146484375,182.8423309326172,1794.3709716796875,342.1902160644531,0.3456043303012848,0
100,12,1481.3560791015625,203.99436950683594,1559.3775634765625,346.0987548828125,0.3953929543495178,0
100,13,1327.9521484375,207.7380828857422,1390.2698974609375,350.1603088378906,0.29938608407974243,0
100,15,1254.316162109375,211.39967346191406,1329.680908203125,354.7665100097656,0.33334872126579285,0
100,33,596.052978515625,481.5343933105469,718.421875,761.4420776367188,0.8999704122543335,0
100,41,1612.6278076171875,187.91957092285156,1689.55224609375,343.694091796875,0.3337037265300751,0
100,59,1801.5904541015625,186.04324340820312,1888.8480224609375,334.94061279296875,0.1020863726735115,0
100,5,892.361572265625,433.750732421875,998.7811889648438,665.7416381835938,0.8359126448631287,0
100,11,1002.4334716796875,397.96844482421875,1103.0828857421875,640.569091796875,0.8555631041526794,0
100,8,1416.3251953125,211.822998046875,1480.471435546875,352.1006774902344,0.3763275146484375,0
100,123,896.7689819335938,178.46592712402344,971.9020385742188,327.8533935546875,0.41245245933532715,0
100,4,1504.02978515625,424.9830322265625,1626.385009765625,657.282958984375,0.8322519063949585,0
100,182,42.35353469848633,245.4820098876953,144.3127899169922,441.3838806152344,0.725357174873352,0
100,16,1082.9461669921875,208.4563446044922,1149.775390625,358.0859069824219,0.3679834306240082,0
101,1,27.142547607421875,651.6111450195312,226.17369079589844,958.1282348632812,0.8536627292633057,0
101,2,1379.7869873046875,484.3994140625,1547.3421630859375,764.0850219726562,0.8442909121513367,0
101,3,859.5283203125,413.7901306152344,944.9357299804688,605.2821044921875,0.6992778182029724,0
101,10,1714.200927734375,180.97415161132812,1814.445068359375,341.3502502441406,0.4174063205718994,0
101,12,1501.177001953125,202.01068115234375,1580.0186767578125,346.4082946777344,0.4421927034854889,0
101,13,1346.6181640625,207.44119262695312,1409.29736328125,350.3353271484375,0.2649494409561157,0
101,15,1273.3345947265625,209.77285766601562,1348.4835205078125,352.8187561035156,0.3093641400337219,0
101,33,594.649169921875,485.3805236816406,717.0083618164062,762.9863891601562,0.8924472332000732,0
101,41,1633.9708251953125,188.67617797851562,1710.460693359375,343.5861511230469,0.3450078070163727,0
101,59,1817.432373046875,179.1833953857422,1911.5186767578125,340.01885986328125,0.13698503375053406,0
101,5,906.0341186523438,433.59625244140625,1016.2249145507812,665.8887939453125,0.8562867641448975,0
101,11,1010.7200927734375,398.2409362792969,1113.8072509765625,640.4317626953125,0.8544827699661255,0
101,8,1434.3250732421875,210.649658203125,1499.0347900390625,351.6587829589844,0.3375954329967499,0
101,123,915.8292236328125,179.506591796875,989.7811889648438,326.4635314941406,0.2734556198120117,0
101,4,1511.5311279296875,421.70025634765625,1636.9840087890625,658.4627075195312,0.8934067487716675,0
101,182,55.42551040649414,244.46067810058594,160.1044158935547,439.919921875,0.7793359160423279,0
101,16,1102.938232421875,207.00563049316406,1171.0877685546875,357.3492126464844,0.27990248799324036,0
102,1,26.59241485595703,642.4927978515625,228.02755737304688,955.3292846679688,0.8694276809692383,0
102,2,1379.80517578125,485.8262939453125,1544.9073486328125,764.2698364257812,0.5359962582588196,0
102,3,870.2099609375,413.0663146972656,957.2817993164062,612.9957885742188,0.7932500839233398,0
102,10,1735.6873779296875,180.8357391357422,1836.637939453125,341.5911865234375,0.3874368667602539,0
102,12,1520.2679443359375,201.91937255859375,1598.4664306640625,345.8966369628906,0.4350002706050873,0
102,13,1365.8321533203125,206.87750244140625,1428.48876953125,349.9616394042969,0.2897808849811554,0
102,15,1293.7659912109375,208.55685424804688,1369.351318359375,352.2530517578125,0.335520476102829,0
102,33,597.4153442382812,489.2177429199219,721.3732299804688,763.1673583984375,0.9058569669723511,0
102,41,1654.490234375,188.48623657226562,1731.1160888671875,343.36993408203125,0.3176957070827484,0
102,59,1837.74462890625,182.4448699951172,1920.0,335.8753967285156,0.13174153864383698,0
102,5,918.3652954101562,433.9030456542969,1031.1046142578125,665.6499633789062,0.8669975399971008,0
102,11,1019.8050537109375,399.6204528808594,1126.0830078125,641.0919189453125,0.8674967885017395,0
102,8,1453.8370361328125,207.45834350585938,1519.608154296875,350.7279968261719,0.3127538859844208,0
102,123,934.4567260742188,177.99490356445312,1008.5639038085938,324.6876220703125,0.3324090540409088,0
102,4,1521.4696044921875,421.4256286621094,1647.8668212890625,658.0570678710938,0.8946934938430786,0
102,182,68.23863220214844,242.35028076171875,175.02259826660156,437.9350891113281,0.7517802715301514,0
102,16,1121.220703125,206.5446014404297,1188.5843505859375,356.1425476074219,0.30548837780952454,0
103,1,27.790821075439453,635.2999877929688,229.29672241210938,949.8663940429688,0.8914220929145813,0
103,2,1376.60107421875,489.7652587890625,1537.3026123046875,765.8432006835938,0.7785714864730835,0
103,3,880.0293579101562,414.7153015136719,967.1514282226562,618.4745483398438,0.74403977394104,0
103,10,1757.0592041015625,180.00901794433594,1858.920654296875,341.9854431152344,0.40460824966430664,0
103,12,1539.8822021484375,201.31829833984375,1618.6844482421875,346.9051208496094,0.42314741015434265,0
103,13,1385.2276611328125,207.08441162109375,1448.021728515625,350.5365295410156,0.3431771397590637,0
103,15,1313.9222412109375,208.17649841308594,1389.5267333984375,351.9603271484375,0.30382707715034485,0
103,33,602.7537841796875,491.7434387207031,730.281494140625,762.1480712890625,0.9045862555503845,0
103,41,1675.18115234375,188.55776977539062,1751.767333984375,343.16473388671875,0.3090161979198456,0
103,59,1852.2120361328125,181.21592712402344,1920.0,337.24615478515625,0.12693828344345093,0
103,5,931.3123168945312,433.29718017578125,1045.3870849609375,664.6976318359375,0.8433617949485779,0
103,11,1030.2711181640625,401.3893127441406,1140.1640625,640.633544921875,0.8621317148208618,0
103,8,1474.356201171875,208.40267944335938,1540.1031494140625,350.7134704589844,0.3920023739337921,0
103,123,953.6469116210938,178.23336791992188,1028.0313720703125,325.1233825683594,0.37936970591545105,0
103,4,1529.68115234375,422.10382080078125,1656.5179443359375,658.4636840820312,0.9014949798583984,0
103,182,78.4458999633789,239.18162536621094,186.62738037109375,435.7229919433594,0.8167600035667419,0
103,16,1139.076171875,206.42112731933594,1206.6434326171875,356.62646484375,0.3161393702030182,0
104,1,29.331270217895508,629.7103271484375,230.14698791503906,942.693115234375,0.8703689575195312,0
104,2,1365.97998046875,490.87060546875,1518.9224853515625,766.2525024414062,0.806138813495636,0
104,3,885.5072631835938,414.9339904785156,972.2293701171875,617.8709716796875,0.7415444850921631,0
104,10,1779.7965087890625,178.6422882080078,1882.4727783203125,341.7635498046875,0.2999914884567261,0
104,12,1561.00732421875,201.1658935546875,1639.638916015625,346.496337890625,0.341415673494339,0
104,13,1405.67529296875,205.9458465576172,1468.533447265625,349.6400146484375,0.2556712031364441,0
104,15,1333.4185791015625,207.56072998046875,1409.550537109375,352.22247314453125,0.27905747294425964,0
104,33,610.3790893554688,492.20849609375,742.6505737304688,761.1441650390625,0.9089861512184143,0
104,41,1696.198974609375,188.11538696289062,1773.4298095703125,343.6407165527344,0.31315290927886963,0
104,5,941.7425537109375,431.4031677246094,1056.378173828125,665.2769775390625,0.8262773156166077,0
104,11,1040.864990234375,403.9427795410156,1154.2213134765625,641.1268920898438,0.8495713472366333,0
104,8,1493.23583984375,209.24899291992188,1558.99462890625,351.11474609375,0.2861734926700592,0
104,123,974.0455322265625,177.83155822753906,1046.56494140625,320.4433288574219,0.23820742964744568,0
104,4,1536.281982421875,424.9022521972656,1661.6392822265625,658.5558471679688,0.8941270709037781,0
104,182,86.80644989013672,234.93679809570312,195.79017639160156,433.5723571777344,0.7710568308830261,0
104,16,1158.9205322265625,206.6228790283203,1226.6044921875,356.8155212402344,0.25054648518562317,0
105,1,26.429292678833008,627.0128173828125,228.26885986328125,937.9676513671875,0.8694828748703003,0
105,2,1366.1947021484375,488.71832275390625,1515.869873046875,765.944580078125,0.8358672261238098,0
105,3,890.1242065429688,415.65057373046875,977.3715209960938,617.9942016601562,0.8137202858924866,0
105,10,1805.366455078125,178.00607299804688,1910.025390625,342.67901611328125,0.31477266550064087,0
105,12,1584.4759521484375,201.29428100585938,1663.695068359375,346.5620422363281,0.38166022300720215,0
105,13,1429.055419921875,205.0166473388672,1492.78564453125,348.869140625,0.2564401626586914,0
105,15,1353.0714111328125,207.37985229492188,1429.8729248046875,352.919921875,0.32559171319007874,0
105,33,619.7114868164062,492.3287353515625,755.5910034179688,758.8026123046875,0.9084166288375854,0
105,41,1718.090576171875,188.3004150390625,1795.113525390625,342.8541259765625,0.26183021068573,0
105,5,950.1542358398438,428.95709228515625,1064.6544189453125,668.02001953125,0.8160899877548218,0
105,11,1052.25146484375,404.9564514160156,1168.6627197265625,639.9129638671875,0.8823009729385376,0
105,8,1514.17626953125,209.61251831054688,1579.99267578125,350.6296691894531,0.3504874110221863,0
105,123,992.3278198242188,175.0399627685547,1067.3040771484375,322.7492980957031,0.39866527915000916,0
105,4,1542.2125244140625,429.582763671875,1663.2664794921875,657.2509155273438,0.9020659327507019,0
105,182,94.65936279296875,232.40216064453125,203.09471130371094,433.2045593261719,0.7846236824989319,0
105,16,1178.13525390625,204.80645751953125,1246.18603515625,354.634521484375,0.24940501153469086,0
106,1,24.19674301147461,627.456298828125,227.72317504882812,938.5,0.8397712111473083,0
106,2,1367.137451171875,484.56158447265625,1516.6275634765625,765.0546264648438,0.8402484059333801,0
106,3,898.733642578125,414.3914794921875,986.6139526367188,616.9149780273438,0.7829129099845886,0
106,10,1823.361572265625,176.9149932861328,1920.0,342.5710144042969,0.42682257294654846,0
106,12,1601.3731689453125,199.83218383789062,1680.1275634765625,346.45379638671875,0.2873745262622833,0
106,13,1449.859619140625,204.74696350097656,1514.8345947265625,348.3597412109375,0.2259037047624588,0
106,15,1371.3043212890625,206.32191467285156,1448.028076171875,352.2891845703125,0.2782386541366577,0
106,33,628.5588989257812,491.3061828613281,766.427490234375,756.2301635742188,0.903780996799469,0
106,41,1740.556396484375,187.19827270507812,1818.428466796875,341.9706115722656,0.21286915242671967,0
106,5,959.6976928710938,428.0045166015625,1070.2850341796875,668.1019897460938,0.8078197836875916,0
106,11,1063.492431640625,405.5430603027344,1181.5460205078125,638.1781005859375,0.8848220109939575,0
106,8,1535.00537109375,208.2447967529297,1602.09814453125,351.5357360839844,0.31525033712387085,0
106,123,1011.5618286132812,173.823486328125,1086.755859375,322.261962890625,0.23086176812648773,0
106,4,1543.6964111328125,433.3599548339844,1660.0181884765625,656.3085327148438,0.8927560448646545,0
106,182,104.06504821777344,230.72848510742188,210.05250549316406,433.2593078613281,0.7356258630752563,0
106,16,1198.440673828125,203.19708251953125,1268.36376953125,355.0989990234375,0.26675623655319214,0
106,220,3.4797635078430176,587.1550903320312,40.698829650878906,825.86474609375,0.5505256652832031,0
107,1,26.316566467285156,629.9456176757812,229.04034423828125,939.7156372070312,0.8371848464012146,0
107,2,1368.0125732421875,481.7276611328125,1519.2828369140625,765.2682495117188,0.8876127600669861,0
107,3,912.8729248046875,413.6336669921875,1000.6238403320312,615.1740112304688,0.7450786828994751,0
107,12,1624.740234375,199.62002563476562,1703.3548583984375,345.102294921875,0.3395437002182007,0
107,13,1469.1044921875,204.17440795898438,1534.259521484375,347.2534484863281,0.24348506331443787,0
107,15,1390.9591064453125,205.3273468017578,1467.8511962890625,351.21405029296875,0.30683082342147827,0
107,33,635.5667724609375,487.28594970703125,774.94140625,755.0381469726562,0.8872088193893433,0
107,41,1762.348876953125,186.13235473632812,1840.9130859375,341.0262756347656,0.21048897504806519,0
107,5,969.9953002929688,427.2308044433594,1077.3551025390625,668.6873168945312,0.7971677184104919,0
107,11,1071.3111572265625,405.9438781738281,1190.0299072265625,636.5224609375,0.880683422088623,0
107,8,1555.561767578125,206.15476989746094,1623.073486328125,351.4349060058594,0.37847504019737244,0
107,123,1030.58447265625,172.70294189453125,1105.9224853515625,321.4087829589844,0.25904524326324463,0
107,4,1539.4388427734375,433.04058837890625,1653.93212890625,657.567626953125,0.8266437649726868,0
107,182,117.11421203613281,229.88534545898438,219.3994903564453,432.67376708984375,0.613593578338623,0
107,16,1217.466796875,202.24476623535156,1287.6595458984375,354.4429016113281,0.2740398943424225,0
108,1,22.77369499206543,631.0000610351562,222.31924438476562,938.185302734375,0.8581467270851135,0
108,2,1365.02392578125,480.1892395019531,1517.7188720703125,761.1469116210938,0.9055667519569397,0
108,3,925.0892944335938,412.07257080078125,1012.4226684570312,614.4356079101562,0.7491022348403931,0
108,12,1644.02880859375,198.24481201171875,1721.940185546875,344.0482482910156,0.34445157647132874,0
108,13,1487.5914306640625,204.10337829589844,1554.121337890625,348.9311828613281,0.19240272045135498,0
108,15,1410.631103515625,204.7423858642578,1487.6416015625,351.20306396484375,0.2896965742111206,0
108,33,636.5499267578125,482.1000061035156,775.5096435546875,754.4785766601562,0.8750385046005249,0
108,41,1783.5054931640625,184.93934631347656,1862.2989501953125,340.2818908691406,0.13480404019355774,0
108,5,978.1520385742188,429.9325256347656,1083.4620361328125,672.1771240234375,0.8405776023864746,0
108,11,1078.2442626953125,403.2720947265625,1197.3900146484375,635.1898803710938,0.8643045425415039,0
108,8,1575.4466552734375,206.4078826904297,1642.629638671875,350.2408142089844,0.3808140158653259,0
108,123,1049.442626953125,171.0701904296875,1125.4935302734375,321.2631530761719,0.24252477288246155,0
108,4,1543.184814453125,430.2967834472656,1658.68505859375,658.8646850585938,0.7855855822563171,0
108,182,128.5003204345703,228.54408264160156,228.9701690673828,431.2851257324219,0.6951342225074768,0
108,16,1233.9422607421875,202.11143493652344,1304.1676025390625,354.177978515625,0.29860562086105347,0
108,225,8.047811508178711,216.60787963867188,55.70406723022461,421.71099853515625,0.6105532050132751,0
109,1,17.4552059173584,629.4795532226562,213.1152801513672,936.0952758789062,0.8547026515007019,0
109,2,1358.7354736328125,479.70892333984375,1515.42822265625,760.1038818359375,0.9111315608024597,0
109,3,934.6356811523438,409.3269958496094,1021.8751831054688,613.227294921875,0.7448431253433228,0
109,12,1663.4842529296875,197.28114318847656,1741.7083740234375,345.0359191894531,0.2898475229740143,0
109,13,1506.4879150390625,202.84402465820312,1573.1171875,348.4852294921875,0.24670200049877167,0
109,15,1431.539306640625,203.83010864257812,1509.3099365234375,351.92999267578125,0.3490324914455414,0
109,33,633.7000732421875,475.9424743652344,770.8863525390625,753.73291015625,0.8707372546195984,0
109,41,1804.5767822265625,183.64315795898438,1884.693359375,341.17181396484375,0.1758081018924713,0
109,5,986.0768432617188,430.5473937988281,1089.587646484375,672.7904663085938,0.8164229393005371,0
109,11,1084.337646484375,400.31451416015625,1203.505859375,637.2574462890625,0.8404742479324341,0
109,8,1594.4390869140625,204.7962646484375,1662.047119140625,348.8934326171875,0.24313537776470184,0
109,123,1069.55810546875,171.9781494140625,1144.324951171875,319.5253601074219,0.3778366446495056,0
109,4,1534.723876953125,425.28924560546875,1655.503662109375,656.512451171875,0.8574796915054321,0
109,182,136.53147888183594,228.4443359375,236.90646362304688,429.12335205078125,0.7179819345474243,0
109,16,1254.217529296875,202.4077606201172,1323.51953125,352.2895812988281,0.21279644966125488,0
109,225,19.537616729736328,213.46075439453125,68.10791015625,419.6311950683594,0.49800384044647217,0
109,220,3.8608415126800537,529.3966674804688,36.99590301513672,739.9452514648438,0.46415242552757263,0
110,1,0.0,624.5167846679688,192.4339599609375,934.8305053710938,0.8666929006576538,0
110,2,1354.7001953125,481.4544982910156,1514.344970703125,759.8662109375,0.8842865824699402,0
110,3,938.0873413085938,407.23077392578125,1026.37890625,613.1594848632812,0.841912567615509,0
110,12,1684.8865966796875,196.4113311767578,1763.630859375,345.8777160644531,0.38660427927970886,0
110,13,1525.6494140625,201.5666961669922,1593.4034423828125,349.4153747558594,0.298279345035553,0
110,15,1450.7137451171875,203.37120056152344,1528.2733154296875,350.2105712890625,0.4209563732147217,0
110,33,632.0831909179688,471.1433410644531,765.1287841796875,751.6206665039062,0.8844592571258545,0
110,41,1829.0145263671875,183.17349243164062,1910.8831787109375,341.8265686035156,0.15251313149929047,0
110,5,999.8630981445312,430.6437683105469,1103.188720703125,676.1173095703125,0.8284720182418823,0
110,11,1092.330322265625,399.23309326171875,1207.503173828125,637.0413818359375,0.833592414855957,0
110,8,1615.5189208984375,206.1919403076172,1682.31201171875,348.7255859375,0.33254140615463257,0
110,123,1087.907958984375,170.5509033203125,1162.8428955078125,318.2984313964844,0.33510860800743103,0
110,4,1535.957763671875,420.44439697265625,1661.48291015625,653.6766357421875,0.8586248755455017,0
110,182,144.89097595214844,230.33705139160156,245.58946228027344,425.88299560546875,0.7627661824226379,0
110,16,1273.1112060546875,200.82223510742188,1342.5733642578125,350.05023193359375,0.277471661567688,0
110,225,39.18268966674805,213.09881591796875,88.43865203857422,418.2333984375,0.595183253288269,0
110,220,6.781845569610596,522.9981689453125,40.08518981933594,730.03369140625,0.6690009832382202,0
111,1,0.0,619.1588134765625,190.83973693847656,931.318603515625,0.8578736782073975,0
111,2,1353.8482666015625,485.5513916015625,1513.924072265625,761.4769287109375,0.7896288633346558,0
111,3,940.9314575195312,404.76983642578125,1031.4862060546875,612.7886352539062,0.8619661331176758,0
111,12,1707.6749267578125,196.7510986328125,1786.4635009765625,345.4028625488281,0.38194379210472107,0
111,13,1545.4696044921875,199.834716796875,1614.00439453125,349.009765625,0.3216628432273865,0
111,15,1466.585205078125,202.46803283691406,1544.466064453125,349.8961181640625,0.42452216148376465,0
111,33,632.0407104492188,466.9487609863281,761.1923217773438,749.8201904296875,0.867428719997406,0
111,41,1845.383056640625,184.17910766601562,1920.0,341.2131042480469,0.20421253144741058,0
111,5,1014.3099365234375,429.0458068847656,1116.45703125,674.54052734375,0.7846377491950989,0
111,11,1105.2203369140625,397.58563232421875,1217.2275390625,638.4408569335938,0.8428438901901245,0
111,8,1635.61865234375,205.62075805664062,1702.6026611328125,348.6918029785156,0.31511959433555603,0
111,123,1106.4990234375,170.01548767089844,1181.4927978515625,317.94989013671875,0.28340616822242737,0
111,4,1537.61181640625,416.7216796875,1667.90869140625,651.913818359375,0.8838934898376465,0
111,182,155.69979858398438,231.4022979736328,258.91351318359375,425.0125427246094,0.8485785722732544,0
111,16,1293.150390625,200.34164428710938,1363.380615234375,350.47918701171875,0.24553939700126648,0
111,225,60.0461311340332,211.35357666015625,110.33799743652344,415.876708984375,0.5816725492477417,0
111,220,9.622923851013184,521.5335083007812,43.94226837158203,727.7020263671875,0.6290309429168701,0
112,1,0.0,611.0343017578125,187.86422729492188,927.688720703125,0.8914991617202759,0
112,2,1335.705810546875,488.14556884765625,1486.8304443359375,761.1937255859375,0.8811306357383728,0
112,3,944.4647827148438,401.8764343261719,1038.5111083984375,611.8956298828125,0.8252885937690735,0
112,12,1731.3282470703125,196.5160369873047,1810.9046630859375,344.4591369628906,0.42171674966812134,0
112,13,1568.0115966796875,198.8478240966797,1635.4638671875,344.77655029296875,0.2603874206542969,0
112,15,1488.5211181640625,201.06520080566406,1567.0799560546875,349.9479064941406,0.365268349647522,0
112,33,627.7156982421875,464.5492858886719,754.0432739257812,749.1373901367188,0.8788792490959167,0
112,41,1859.14013671875,183.08853149414062,1920.0,338.97015380859375,0.15647317469120026,0
112,5,1019.9808349609375,427.97344970703125,1119.6373291015625,671.97509765625,0.7083247303962708,0
112,11,1112.4775390625,397.223876953125,1223.1258544921875,638.5194702148438,0.858529269695282,0
112,8,1656.618408203125,204.83543395996094,1723.8011474609375,348.5163269042969,0.32708221673965454,0
112,123,1123.2979736328125,164.4147186279297,1201.2738037109375,318.64385986328125,0.32627978920936584,0
112,4,1539.087646484375,415.4931640625,1673.2862548828125,651.6546020507812,0.8725428581237793,0
112,182,169.9639892578125,231.12413024902344,275.8373718261719,423.6228942871094,0.8113731145858765,0
112,16,1312.58154296875,199.53724670410156,1383.9141845703125,350.2520751953125,0.2866367995738983,0
112,225,80.86400604248047,209.01905822753906,132.5881805419922,413.7287902832031,0.6164661645889282,0
113,1,0.0,599.7723999023438,191.95021057128906,925.8836059570312,0.871599555015564,0
113,2,1328.603759765625,488.4759826660156,1473.3021240234375,760.8226928710938,0.7600527405738831,0
113,3,954.3482666015625,398.4107666015625,1037.923583984375,572.507080078125,0.5846327543258667,0
113,12,1751.8731689453125,195.0901336669922,1832.3072509765625,343.1231689453125,0.2778375446796417,0
113,13,1584.5179443359375,198.7211151123047,1653.40283203125,347.6341247558594,0.1898847222328186,0
113,15,1508.943603515625,199.8496856689453,1587.415283203125,348.69586181640625,0.26168569922447205,0
113,33,621.0488891601562,463.80914306640625,745.4177856445312,747.5116577148438,0.8236030340194702,0
113,5,1020.37451171875,427.8701477050781,1119.8756103515625,672.580810546875,0.7450438141822815,0
113,11,1116.8729248046875,396.85101318359375,1228.2938232421875,636.689208984375,0.8925898671150208,0
113,8,1676.7486572265625,204.10939025878906,1743.6807861328125,348.29852294921875,0.2897275686264038,0
113,123,1143.033203125,165.9680938720703,1219.4244384765625,316.8044738769531,0.20823535323143005,0
113,4,1539.5289306640625,415.5277099609375,1677.89404296875,655.550537109375,0.8616431355476379,0
113,182,182.09861755371094,230.98191833496094,289.47607421875,420.9726867675781,0.6969485878944397,0
113,16,1331.07373046875,199.98248291015625,1402.0560302734375,350.0434265136719,0.26343202590942383,0
113,225,100.34999084472656,208.48814392089844,153.5006103515625,412.8450012207031,0.5500887632369995,0
113,237,5.666726112365723,523.1153564453125,96.03300476074219,717.5335693359375,0.4573970139026642,0
113,239,2.3024871349334717,522.8316650390625,96.02992248535156,657.7339477539062,0.4240134656429291,0
114,1,0.0,594.0047607421875,195.26431274414062,920.586669921875,0.8936631083488464,0
114,2,1329.61474609375,486.5613708496094,1472.7171630859375,761.5206298828125,0.8699992895126343,0
114,3,957.58154296875,392.892578125,1055.6258544921875,591.6383056640625,0.7028409242630005,0
114,12,1769.8553466796875,192.88807678222656,1850.567626953125,340.87677001953125,0.34922417998313904,0
114,13,1603.885009765625,198.36578369140625,1672.582763671875,347.3363952636719,0.2525371015071869,0
114,15,1529.4024658203125,198.7832794189453,1608.5784912109375,349.83209228515625,0.3810667395591736,0
114,33,619.6832275390625,466.3952331542969,743.5835571289062,747.15087890625,0.8919655680656433,0
114,5,1020.4619140625,429.4495849609375,1120.5433349609375,673.5127563476562,0.6319266557693481,0
114,11,1128.2967529296875,398.40899658203125,1239.3187255859375,633.3621215820312,0.8498507142066956,0
114,8,1696.2718505859375,203.85202026367188,1762.5513916015625,346.9561462402344,0.3363363444805145,0
114,123,1162.1368408203125,166.1549530029297,1237.5733642578125,314.7010803222656,0.28376391530036926,0
114,4,1541.70556640625,419.96051025390625,1680.2928466796875,657.8655395507812,0.8816248178482056,0
114,182,194.9073028564453,229.23458862304688,303.32781982421875,418.97259521484375,0.7363210320472717,0
114,16,1348.4163818359375,200.04165649414062,1418.9658203125,348.776123046875,0.3044489920139313,0
114,225,120.95635223388672,206.7508087158203,175.45993041992188,410.85626220703125,0.5441950559616089,0
114,237,19.443824768066406,522.2927856445312,142.0335693359375,784.2393798828125,0.6050061583518982,0
114,239,0.0,521.9957885742188,103.62381744384766,672.4133911132812,0.49128225445747375,0
115,1,2.1759767532348633,593.3876953125,198.09353637695312,915.2554931640625,0.8997485637664795,0
115,2,1332.772216796875,481.30670166015625,1477.404541015625,762.0648193359375,0.8784197568893433,0
115,3,961.927734375,388.3118896484375,1068.3289794921875,601.18603515625,0.7698695659637451,0
115,12,1787.2698974609375,191.86631774902344,1867.074951171875,339.84552001953125,0.3348883390426636,0
115,13,1624.7872314453125,197.4881591796875,1692.5843505859375,344.8640441894531,0.34441524744033813,0
115,15,1549.26513671875,198.27090454101562,1628.46630859375,349.3301696777344,0.4156688451766968,0
115,33,620.0823364257812,469.9241943359375,745.1802368164062,746.817138671875,0.8854460716247559,0
115,5,1039.0321044921875,430.5025634765625,1139.4744873046875,675.3462524414062,0.6834770441055298,0
115,11,1138.039794921875,399.750732421875,1250.2640380859375,630.8104248046875,0.8569321036338806,0
115,8,1717.3463134765625,203.79232788085938,1783.44287109375,346.3858947753906,0.3873845338821411,0
115,123,1180.69775390625,165.36050415039062,1256.9239501953125,315.6470947265625,0.3155071437358856,0
115,4,1543.927490234375,421.068359375,1679.92236328125,658.1088256835938,0.7348992824554443,0
115,182,204.76998901367188,225.94332885742188,314.1650695800781,417.31201171875,0.7097737789154053,0
115,16,1370.45458984375,200.0864715576172,1438.666259765625,343.0623474121094,0.31726551055908203,0
115,225,139.0784912109375,207.00128173828125,194.26234436035156,408.02838134765625,0.5687438249588013,0
115,237,24.336153030395508,519.8528442382812,157.86981201171875,802.2412109375,0.8409726619720459,0
115,239,0.0,519.1590576171875,112.30601501464844,686.9974975585938,0.15941308438777924,0
116,1,4.533169746398926,594.17724609375,199.17527770996094,911.4703979492188,0.9023480415344238,0
116,2,1337.0067138671875,475.95074462890625,1484.09326171875,761.9473876953125,0.8895191550254822,0
116,3,966.9397583007812,384.0749816894531,1077.9180908203125,606.95361328125,0.8425464630126953,0
116,12,1807.7042236328125,191.2251739501953,1887.4888916015625,340.2065124511719,0.3033592104911804,0
116,13,1644.741455078125,197.16049194335938,1712.4677734375,344.3716125488281,0.38701730966567993,0
116,15,1568.3800048828125,198.47335815429688,1647.222412109375,348.34033203125,0.4109974205493927,0
116,33,620.899169921875,471.0607604980469,749.451904296875,746.9378662109375,0.9025316834449768,0
116,5,1047.5361328125,433.2945861816406,1146.6229248046875,676.2855224609375,0.7793506979942322,0
116,11,1145.261962890625,399.6461181640625,1262.085205078125,632.1876831054688,0.8635203242301941,0
116,8,1737.5198974609375,203.68560791015625,1803.6883544921875,346.3122863769531,0.28934115171432495,0
116,123,1200.373291015625,164.35195922851562,1276.2310791015625,313.9254455566406,0.25956928730010986,0
116,4,1535.8798828125,420.8836364746094,1668.80029296875,657.3093872070312,0.8614099025726318,0
116,182,216.69143676757812,222.0430145263672,324.8636169433594,415.56805419921875,0.618262767791748,0
116,16,1391.4241943359375,200.956787109375,1460.6783447265625,345.6033020019531,0.29502880573272705,0
116,225,157.85421752929688,204.5725555419922,214.9265594482422,406.79412841796875,0.5331261157989502,0
116,237,23.86054801940918,515.169677734375,163.420654296875,807.1961059570312,0.8609799742698669,0
117,1,5.15523624420166,600.201416015625,196.88478088378906,910.4808349609375,0.8677312731742859,0
117,2,1340.5675048828125,471.2596435546875,1489.4405517578125,759.1771850585938,0.9074044227600098,0
117,3,975.0029296875,380.7875061035156,1086.562255859375,606.8021850585938,0.8391433954238892,0
117,12,1828.7999267578125,191.57937622070312,1908.3270263671875,341.2705383300781,0.357109397649765,0
117,13,1665.4561767578125,195.8643341064453,1733.4991455078125,343.4719543457031,0.3100531995296478,0
117,15,1587.732421875,197.47537231445312,1666.9710693359375,348.8899230957031,0.3340557813644409,0
117,33,624.4931640625,473.3677978515625,756.8770141601562,746.3382568359375,0.9009127616882324,0
117,5,1053.178466796875,436.0194396972656,1153.085693359375,678.5552368164062,0.8195006847381592,0
117,11,1151.2010498046875,400.7391052246094,1271.50439453125,633.1093139648438,0.8389736413955688,0
117,8,1758.586181640625,203.0583953857422,1825.1431884765625,346.3097229003906,0.32844287157058716,0
117,123,1218.3038330078125,161.7319793701172,1295.359375,313.4568786621094,0.2246459275484085,0
117,4,1537.9071044921875,416.79327392578125,1669.4549560546875,654.5650024414062,0.8238800168037415,0
117,182,223.6780548095703,219.27911376953125,329.0467529296875,413.49188232421875,0.5650791525840759,0
117,16,1410.376220703125,200.3914337158203,1480.651611328125,347.2549133300781,0.31246545910835266,0
117,225,176.48431396484375,203.60501098632812,234.98692321777344,404.8921813964844,0.538477897644043,0
117,237,18.033803939819336,506.5295715332031,162.2190704345703,806.8948364257812,0.8688979744911194,0
117,256,7.131148815155029,193.70616149902344,61.085506439208984,349.0054931640625,0.46382126212120056,0
118,1,3.0408339500427246,603.0020751953125,192.763916015625,909.2518310546875,0.8548822999000549,0
118,2,1335.5576171875,468.1441345214844,1486.3961181640625,752.1534423828125,0.930380642414093,0
118,3,984.2058715820312,379.6289978027344,1095.1436767578125,607.4391479492188,0.8349314332008362,0
118,12,1849.4556884765625,191.7803192138672,1920.0,335.19207763671875,0.3496103584766388,0
118,13,1686.1087646484375,194.04513549804688,1754.9466552734375,343.0090637207031,0.3012922704219818,0
118,15,1608.9342041015625,194.8135528564453,1688.575439453125,347.4559631347656,0.2553272247314453,0
118,33,631.2742309570312,474.6143798828125,768.52734375,746.2420654296875,0.8964734077453613,0
118,5,1059.925048828125,436.5806884765625,1163.0731201171875,679.862548828125,0.8337160348892212,0
118,11,1155.3851318359375,400.2095031738281,1279.283935546875,633.9896850585938,0.8539725542068481,0
118,8,1778.9866943359375,201.1842498779297,1846.546875,346.9228210449219,0.2798180878162384,0
118,123,1238.582763671875,162.1456756591797,1314.0494384765625,310.1995544433594,0.21360889077186584,0
118,4,1541.9530029296875,411.33306884765625,1674.81298828125,652.9842529296875,0.8468979597091675,0
118,182,227.43055725097656,216.31910705566406,329.5765380859375,411.0346374511719,0.49684253334999084,0
118,16,1431.1925048828125,200.52261352539062,1501.753173828125,347.33038330078125,0.2817678451538086,0
118,225,195.58917236328125,202.57290649414062,255.43994140625,403.5274963378906,0.41756850481033325,0
118,237,13.179774284362793,498.8446350097656,159.73829650878906,805.9364013671875,0.848865807056427,0
119,1,0.0,601.8187255859375,186.76268005371094,907.8373413085938,0.8005103468894958,0
119,2,1329.741455078125,466.7698669433594,1484.745849609375,749.36279296875,0.918910801410675,0
119,3,993.9879150390625,380.72705078125,1102.9986572265625,608.9415893554688,0.8503443002700806,0
119,12,1864.770751953125,190.4711151123047,1920.0,331.46722412109375,0.22043786942958832,0
119,13,1706.810791015625,193.71084594726562,1776.1077880859375,343.255859375,0.2413974553346634,0
119,15,1630.077880859375,193.9314727783203,1710.144287109375,347.8936767578125,0.26154768466949463,0
119,33,640.9763793945312,475.98773193359375,781.8265380859375,745.1741943359375,0.8999847173690796,0
119,5,1067.1854248046875,434.1339416503906,1174.3260498046875,679.703857421875,0.8737724423408508,0
119,11,1162.1917724609375,397.80419921875,1288.9747314453125,636.3341064453125,0.8193251490592957,0
119,8,1800.007568359375,199.48919677734375,1868.614501953125,347.6173400878906,0.29384392499923706,0
119,123,1257.37548828125,160.81304931640625,1333.1240234375,309.4607238769531,0.2410833239555359,0
119,4,1545.8028564453125,406.158447265625,1681.8134765625,653.1369018554688,0.8639194965362549,0
119,182,239.3843536376953,213.8964385986328,338.83087158203125,409.4869384765625,0.5181402564048767,0
119,16,1450.2254638671875,201.1014404296875,1520.0721435546875,345.8013000488281,0.342528760433197,0
119,225,212.9141387939453,200.5541534423828,273.43780517578125,400.79852294921875,0.30624327063560486,0
119,237,13.234416961669922,491.2693786621094,160.03302001953125,802.4896240234375,0.8241525888442993,0
120,1,0.0,595.282958984375,173.87161254882812,904.5498657226562,0.7900002598762512,0
120,2,1325.6910400390625,467.7631530761719,1485.066650390625,751.9052124023438,0.9228278994560242,0
120,3,1003.9313354492188,382.7189636230469,1108.330322265625,606.47607421875,0.8250079154968262,0
120,13,1726.98193359375,192.85629272460938,1796.754150390625,342.8851318359375,0.25695040822029114,0
120,15,1649.479248046875,191.3565673828125,1729.925048828125,346.3946838378906,0.2794651985168457,0
120,33,646.38916015625,474.7803955078125,789.5133056640625,744.6688842773438,0.8844970464706421,0
120,5,1077.610595703125,430.5190124511719,1188.4044189453125,676.5321044921875,0.8572247624397278,0
120,11,1169.5224609375,395.1504211425781,1296.5989990234375,636.5194091796875,0.8237314224243164,0
120,8,1822.275146484375,197.862548828125,1891.6795654296875,347.2910461425781,0.27132749557495117,0
120,123,1276.351806640625,159.25698852539062,1353.155517578125,310.6435241699219,0.15326382219791412,0
120,4,1550.9833984375,402.30499267578125,1687.230712890625,647.0437622070312,0.868773341178894,0
120,182,250.5419158935547,210.57278442382812,349.8136291503906,408.2585144042969,0.5614399313926697,0
120,16,1469.63818359375,200.57028198242188,1540.0263671875,344.80841064453125,0.34846147894859314,0
120,225,228.9166717529297,200.16966247558594,289.20635986328125,397.8224182128906,0.16163183748722076,0
120,237,17.708892822265625,485.2789306640625,163.0049591064453,798.821044921875,0.8013001084327698,0
121,1,0.0,585.1690063476562,163.7654571533203,901.0896606445312,0.8162755966186523,0
121,2,1327.78173828125,469.2959289550781,1487.5260009765625,752.4801025390625,0.9082030057907104,0
121,3,1016.0115966796875,384.5301818847656,1114.2806396484375,599.9739990234375,0.6831772327423096,0
121,13,1748.245849609375,192.70664978027344,1818.4906005859375,343.22991943359375,0.2767985761165619,0
121,15,1670.514892578125,189.48353576660156,1751.5546875,346.26171875,0.3153878152370453,0
121,33,652.8717651367188,470.6595764160156,797.5103149414062,743.4930419921875,0.8755596876144409,0
121,5,1086.5489501953125,426.2862243652344,1198.9085693359375,668.8280639648438,0.8258469104766846,0
121,11,1180.0865478515625,391.62799072265625,1305.138916015625,636.6690673828125,0.7947515249252319,0
121,8,1844.091552734375,196.51329040527344,1913.9566650390625,346.4712219238281,0.3155854642391205,0
121,123,1296.7796630859375,159.11508178710938,1372.614501953125,308.77862548828125,0.19500194489955902,0
121,4,1553.298583984375,400.986572265625,1689.4903564453125,642.2625732421875,0.8647969961166382,0
121,182,258.6415710449219,209.59373474121094,358.46014404296875,406.8551940917969,0.6027530431747437,0
121,16,1488.7733154296875,200.82347106933594,1560.1751708984375,344.5588073730469,0.3216570317745209,0
121,237,26.97585105895996,481.9515075683594,168.6882781982422,793.6773071289062,0.8513011932373047,0
122,1,0.0,578.36767578125,162.09103393554688,897.7731323242188,0.8493042588233948,0
122,2,1327.240478515625,470.894287109375,1484.6728515625,752.589599609375,0.8988751173019409,0
122,3,1025.33984375,384.7269287109375,1114.836669921875,583.7449951171875,0.6840150952339172,0
122,13,1770.829833984375,192.61288452148438,1840.3154296875,341.2889404296875,0.23241467773914337,0
122,15,1689.987548828125,188.6078643798828,1771.637451171875,345.9880676269531,0.33301788568496704,0
122,33,659.0215454101562,463.63836669921875,804.2210083007812,742.1261596679688,0.8716847896575928,0
122,5,1097.878173828125,423.2491149902344,1209.0926513671875,660.7716064453125,0.8409788012504578,0
122,11,1190.1422119140625,388.97125244140625,1311.0946044921875,636.730224609375,0.8316891193389893,0
122,8,1861.197021484375,195.69882202148438,1920.0,346.031494140625,0.2727866768836975,0
122,123,1316.18798828125,157.5269775390625,1391.723388671875,305.9859619140625,0.18357880413532257,0
122,4,1556.0399169921875,401.0142822265625,1691.5343017578125,639.3207397460938,0.8762650489807129,0
122,182,267.8146057128906,205.46868896484375,371.16387939453125,405.216796875,0.5852435827255249,0
122,16,1509.25244140625,201.52676391601562,1580.4805908203125,343.8317565917969,0.28492820262908936,0
122,237,39.00489044189453,481.50604248046875,175.9311065673828,788.3423461914062,0.8689898252487183,0
123,1,0.0,571.3350219726562,163.31149291992188,892.980712890625,0.8531636595726013,0
123,2,1321.296142578125,471.1553039550781,1475.1600341796875,751.3844604492188,0.8772262930870056,0
123,3,1030.0357666015625,383.1446838378906,1119.545166015625,583.55078125,0.761130690574646,0
123,13,1793.0814208984375,191.7078857421875,1863.0240478515625,341.46307373046875,0.21338480710983276,0
123,15,1710.1396484375,186.67364501953125,1792.9080810546875,346.06134033203125,0.3013671636581421,0
123,33,660.080322265625,456.74591064453125,802.5692138671875,738.5552368164062,0.860225260257721,0
123,5,1103.1170654296875,417.6650390625,1215.3653564453125,656.30126953125,0.8470866084098816,0
123,11,1203.231689453125,386.23529052734375,1319.865478515625,634.9293823242188,0.8349754214286804,0
123,123,1336.2568359375,155.10012817382812,1412.462890625,304.1783752441406,0.19068360328674316,0
123,4,1563.740966796875,402.20635986328125,1696.3612060546875,638.2991333007812,0.8562984466552734,0
123,182,280.8540344238281,203.27731323242188,387.1661682128906,403.7796325683594,0.6703921556472778,0
123,16,1529.795166015625,202.80833435058594,1601.5335693359375,344.6451110839844,0.26838019490242004,0
123,237,53.0353889465332,483.4005126953125,186.35714721679688,784.4037475585938,0.8732219338417053,0
124,1,0.0,564.0612182617188,166.11903381347656,885.3779296875,0.8683522939682007,0
124,2,1310.29150390625,468.3218994140625,1461.545166015625,750.2933349609375,0.8889307379722595,0
124,3,1037.9927978515625,380.79852294921875,1130.293701171875,586.961669921875,0.7744408249855042,0
124,13,1815.09033203125,190.19943237304688,1885.2535400390625,340.1251220703125,0.2284710556268692,0
124,15,1732.859130859375,186.02584838867188,1815.3994140625,344.3150939941406,0.31195905804634094,0
124,33,660.8993530273438,451.1954650878906,797.8585205078125,734.282958984375,0.8575335741043091,0
124,5,1111.4234619140625,410.3927917480469,1224.10009765625,653.8194580078125,0.8429884910583496,0
124,11,1211.24609375,385.5190124511719,1326.278076171875,634.1371459960938,0.826655387878418,0
124,123,1357.222900390625,154.55233764648438,1433.0177001953125,302.9576416015625,0.14459854364395142,0
124,4,1544.8692626953125,401.2815856933594,1680.9454345703125,640.3309326171875,0.8459423780441284,0
124,182,293.9535217285156,200.7455596923828,403.4353332519531,402.12677001953125,0.5984480977058411,0
124,16,1552.4595947265625,202.44700622558594,1624.340576171875,344.30072021484375,0.30585211515426636,0
124,237,66.29817199707031,485.1127014160156,198.32955932617188,781.7583618164062,0.8687075972557068,0
125,1,0.0,560.2413330078125,168.47935485839844,875.8877563476562,0.8824820518493652,0
125,2,1310.3060302734375,464.777099609375,1460.968994140625,749.0946044921875,0.8778067827224731,0
125,3,1043.44482421875,376.7900390625,1139.255859375,588.7490844726562,0.8385007381439209,0
125,13,1839.8028564453125,188.47203063964844,1911.9991455078125,340.9798278808594,0.19796495139598846,0
125,15,1756.3028564453125,185.61903381347656,1839.1875,345.0621643066406,0.37160682678222656,0
125,33,664.9505615234375,446.7793273925781,796.6607666015625,731.5144653320312,0.8280190229415894,0
125,5,1117.5826416015625,401.48333740234375,1230.17724609375,651.0723876953125,0.815624475479126,0
125,11,1216.53125,385.5902404785156,1332.59912109375,634.4279174804688,0.84943026304245,0
125,123,1376.9361572265625,154.44143676757812,1453.799560546875,304.87847900390625,0.14398418366909027,0
125,4,1529.025634765625,397.1554260253906,1666.957763671875,639.0393676757812,0.8386967778205872,0
125,182,308.7039794921875,202.60208129882812,418.62286376953125,400.6590881347656,0.6392514705657959,0
125,16,1573.74951171875,203.05810546875,1645.4033203125,343.57916259765625,0.326532781124115,0
125,237,77.3590087890625,487.2362365722656,209.70350646972656,778.4315795898438,0.8875530958175659,0
126,1,0.0,559.3035888671875,169.3015594482422,867.8939819335938,0.8922841548919678,0
126,2,1316.382568359375,461.3488464355469,1467.1239013671875,748.2919311523438,0.8697870969772339,0
126,3,1045.24072265625,375.32562255859375,1142.92431640625,587.7177124023438,0.8180925250053406,0
126,15,1779.8380126953125,186.2046356201172,1862.0753173828125,344.1308898925781,0.30885815620422363,0
126,33,666.3126220703125,444.67724609375,794.4534301757812,731.4854736328125,0.8626276850700378,0
126,5,1123.8353271484375,394.5287170410156,1232.6507568359375,642.4790649414062,0.8084961175918579,0
126,11,1223.6951904296875,387.5166931152344,1339.0513916015625,629.0549926757812,0.8280009627342224,0
126,123,1397.34423828125,154.11317443847656,1474.1217041015625,304.43121337890625,0.17570912837982178,0
126,4,1523.578369140625,390.32110595703125,1665.7841796875,637.1806640625,0.8235684633255005,0
126,182,323.7053527832031,203.88494873046875,432.90338134765625,398.9510192871094,0.5321941375732422,0
126,16,1592.2508544921875,203.3033447265625,1664.7012939453125,343.9919738769531,0.3040353059768677,0
126,237,86.45227813720703,487.9833068847656,221.00393676757812,774.9697875976562,0.8915880918502808,0
127,1,0.0,560.976318359375,171.51251220703125,869.4483032226562,0.8878422379493713,0
127,2,1314.2265625,459.8846740722656,1466.522705078125,745.7666015625,0.8935835957527161,0
127,3,1049.49853515625,374.66497802734375,1147.7406005859375,585.9368896484375,0.7861464023590088,0
127,15,1803.4447021484375,186.26780700683594,1885.923583984375,345.0858154296875,0.25830790400505066,0
127,33,665.1661376953125,445.8940124511719,790.6555786132812,732.1985473632812,0.8779640793800354,0
127,5,1131.602783203125,386.9974365234375,1234.2431640625,627.29345703125,0.7593674659729004,0
127,11,1242.589111328125,389.35888671875,1351.999267578125,616.9037475585938,0.725523829460144,0
127,123,1418.3138427734375,153.83352661132812,1495.189697265625,304.13604736328125,0.16908130049705505,0
127,4,1542.068603515625,383.8953857421875,1682.88134765625,629.65966796875,0.8674763441085815,0
127,182,336.7457275390625,203.60679626464844,444.5943908691406,397.7264709472656,0.5347678065299988,0
127,16,1613.1182861328125,201.7191162109375,1686.4468994140625,343.0888977050781,0.30345016717910767,0
127,237,92.44525909423828,487.2659606933594,232.5557098388672,774.1483764648438,0.8904902935028076,0
128,1,0.0,563.3465576171875,171.37185668945312,873.8661499023438,0.8867887258529663,0
128,2,1308.74560546875,458.6415710449219,1465.0306396484375,743.4539184570312,0.9026727080345154,0
128,3,1053.749267578125,375.076904296875,1149.545654296875,587.8294067382812,0.5703152418136597,0
128,15,1824.6903076171875,186.4829559326172,1907.068603515625,346.2980041503906,0.2689209580421448,0
128,33,663.7081298828125,449.9818420410156,786.8157958984375,733.2943115234375,0.8874285221099854,0
128,5,1140.0635986328125,383.3157043457031,1237.0604248046875,617.6761474609375,0.7538642883300781,0
128,11,1251.6279296875,389.9597473144531,1358.6192626953125,614.329833984375,0.5834054946899414,0
128,123,1438.8946533203125,153.90277099609375,1515.18359375,302.79217529296875,0.20630504190921783,0
128,4,1554.806396484375,379.5314636230469,1691.9090576171875,621.9443969726562,0.8785004019737244,0
128,182,346.8970947265625,198.83413696289062,455.6158752441406,396.35394287109375,0.48962581157684326,0
128,16,1634.5133056640625,204.46266174316406,1707.0250244140625,342.4648742675781,0.20964157581329346,0
128,237,96.63155364990234,486.5557861328125,243.0347442626953,772.667724609375,0.901032030582428,0
129,1,0.0,564.7045288085938,164.86566162109375,874.7136840820312,0.8843703269958496,0
129,2,1304.1431884765625,459.32501220703125,1465.2822265625,744.67626953125,0.9035800099372864,0
129,3,1060.1463623046875,376.312255859375,1154.2923583984375,590.8072509765625,0.7919396162033081,0
129,15,1845.548095703125,188.18862915039062,1920.0,344.8205871582031,0.21849395334720612,0
129,33,664.2227783203125,453.7265625,787.0952758789062,735.1953735351562,0.8963907957077026,0
129,5,1149.45947265625,381.2687072753906,1244.1846923828125,616.2725830078125,0.7924398183822632,0
129,11,1248.260498046875,389.7257995605469,1358.402099609375,622.0260620117188,0.5473142862319946,0
129,123,1458.5416259765625,153.9650421142578,1535.859619140625,304.24407958984375,0.23052309453487396,0
129,4,1563.2919921875,376.23193359375,1700.94921875,618.5648803710938,0.8849849104881287,0
129,182,354.0446472167969,198.15577697753906,460.5177917480469,396.2035217285156,0.4284379780292511,0
129,16,1657.4891357421875,205.12149047851562,1730.4063720703125,342.14276123046875,0.1853170096874237,0
129,237,107.21180725097656,486.43157958984375,257.7650451660156,770.2677001953125,0.8897690176963806,0
129,256,9.29710865020752,172.66436767578125,66.91197204589844,332.6952209472656,0.3367880582809448,0
130,1,0.0,563.828125,155.4618682861328,873.1758422851562,0.8434134721755981,0
130,2,1304.10302734375,461.9573974609375,1467.3359375,745.69189453125,0.88723224401474,0
130,3,1070.3905029296875,376.9731140136719,1165.10595703125,593.0083618164062,0.7892551422119141,0
130,15,1861.2802734375,189.8512725830078,1920.0,344.6103210449219,0.1282307207584381,0
130,33,668.904296875,456.8735046386719,793.2527465820312,735.8004760742188,0.922179102897644,0
130,5,1158.4803466796875,381.4133605957031,1250.30126953125,614.3738403320312,0.7885417938232422,0
130,11,1253.16162109375,389.2933654785156,1363.0272216796875,625.6463012695312,0.7035924792289734,0
130,123,1479.6654052734375,154.71942138671875,1557.3387451171875,305.3767395019531,0.22949180006980896,0
130,4,1567.4368896484375,375.732666015625,1703.834228515625,613.2025756835938,0.8780624866485596,0
130,182,362.8089294433594,191.31919860839844,469.6498107910156,396.5517578125,0.5185763835906982,0
130,16,1680.12841796875,207.03248596191406,1753.627197265625,343.00958251953125,0.1644093245267868,0
130,237,116.82207489013672,486.3828125,269.9950256347656,768.9979248046875,0.8909062147140503,0
131,1,0.0,558.8707275390625,143.1969757080078,869.4981689453125,0.8591785430908203,0
131,2,1308.0184326171875,465.6275634765625,1469.208251953125,745.8436889648438,0.8750947713851929,0
131,3,1073.9754638671875,376.9666748046875,1167.88232421875,592.7973022460938,0.8424612879753113,0
131,33,673.943115234375,456.91143798828125,802.5521240234375,736.0072631835938,0.9028213620185852,0
131,5,1166.4915771484375,379.4383850097656,1257.5155029296875,615.1903686523438,0.7903605103492737,0
131,11,1267.8267822265625,388.380126953125,1375.4677734375,628.7688598632812,0.6704764366149902,0
131,123,1500.61669921875,154.2227020263672,1578.2379150390625,304.5996398925781,0.16890627145767212,0
131,4,1569.57568359375,377.588623046875,1704.6632080078125,612.2522583007812,0.8864317536354065,0
131,182,374.5016784667969,194.2960968017578,477.2754821777344,396.6556396484375,0.4203728437423706,0
131,16,1699.7755126953125,208.0182647705078,1774.0196533203125,343.947998046875,0.19818711280822754,0
131,237,124.588623046875,484.39727783203125,276.84930419921875,761.3814697265625,0.8771050572395325,0
132,1,0.0,552.9637451171875,143.32626342773438,867.8447265625,0.8859111666679382,0
132,2,1305.8023681640625,467.4610290527344,1464.353515625,746.7661743164062,0.7731496691703796,0
132,3,1077.84521484375,376.598876953125,1172.447509765625,596.7958984375,0.8294543027877808,0
132,33,681.8652954101562,455.7423400878906,815.74267578125,734.740234375,0.9009072780609131,0
132,5,1175.514404296875,376.1226806640625,1267.20654296875,614.0943603515625,0.8481774926185608,0
132,11,1290.87158203125,385.9510192871094,1382.84326171875,596.7881469726562,0.45444315671920776,0
132,123,1519.724609375,153.9769744873047,1599.808349609375,309.34686279296875,0.10866942256689072,0
132,4,1578.469970703125,380.0906066894531,1709.36328125,611.9677734375,0.8631269335746765,0
132,182,389.1098327636719,196.88409423828125,487.8571472167969,394.48516845703125,0.44089677929878235,0
132,16,1721.3006591796875,208.47499084472656,1796.8870849609375,346.224609375,0.16968391835689545,0
132,237,128.6837615966797,482.0350341796875,280.763427734375,757.9653930664062,0.8928413391113281,0
132,225,463.8487548828125,186.00543212890625,526.521240234375,379.1479187011719,0.4185663163661957,0
133,1,0.0,544.5607299804688,146.96461486816406,865.503662109375,0.9011911153793335,0
133,2,1285.3692626953125,412.29608154296875,1468.3868408203125,748.1414184570312,0.7724422216415405,0
133,3,1075.401123046875,376.7509460449219,1175.42236328125,609.1372680664062,0.6962864398956299,0
133,33,691.3729858398438,454.2783508300781,829.70458984375,732.6553955078125,0.9024070501327515,0
133,5,1183.519287109375,370.27264404296875,1277.3052978515625,610.6927490234375,0.8625644445419312,0
133,123,1541.03857421875,155.4760284423828,1619.653564453125,308.28814697265625,0.11081802845001221,0
133,4,1580.8040771484375,381.9334411621094,1706.749755859375,612.5042114257812,0.8407221436500549,0
133,182,400.9832458496094,197.9242401123047,499.3662109375,395.07208251953125,0.3825399875640869,0
133,16,1746.975830078125,209.0312957763672,1821.55517578125,344.7664794921875,0.24980179965496063,0
133,237,129.51824951171875,479.98663330078125,280.2736511230469,755.425048828125,0.8843389749526978,0
133,225,480.9299011230469,183.9355010986328,546.2661743164062,378.5926513671875,0.4181745946407318,0
134,1,0.0,539.1216430664062,152.5786895751953,861.2421264648438,0.8752021789550781,0
134,2,1286.4761962890625,440.3288879394531,1450.3079833984375,748.4735107421875,0.8577653765678406,0
134,3,1082.1004638671875,379.0191650390625,1182.646240234375,614.364013671875,0.8547897338867188,0
134,33,699.08447265625,454.2676696777344,839.7914428710938,731.0892944335938,0.9283145070075989,0
134,5,1191.5703125,365.8473815917969,1286.6065673828125,602.7737426757812,0.8220223188400269,0
134,123,1561.9620361328125,155.9673614501953,1639.8887939453125,307.1454772949219,0.10196429491043091,0
134,4,1577.8662109375,378.8939208984375,1701.822021484375,613.75830078125,0.7983406782150269,0
134,182,411.7142028808594,199.91839599609375,509.88995361328125,393.2711486816406,0.6463919281959534,0
134,16,1769.1419677734375,208.85317993164062,1844.450927734375,345.9847412109375,0.22220969200134277,0
134,237,129.64305114746094,477.5370178222656,278.6517028808594,754.6985473632812,0.8732913732528687,0
134,225,497.35552978515625,184.36325073242188,564.2876586914062,379.2594299316406,0.42868486046791077,0
134,11,1323.854248046875,383.49578857421875,1398.3729248046875,555.378173828125,0.5689885020256042,0
135,1,0.0,535.735595703125,157.01107788085938,853.50341796875,0.8722691535949707,0
135,2,1291.8658447265625,447.4990234375,1449.7196044921875,750.1644287109375,0.869584321975708,0
135,3,1089.5826416015625,382.07574462890625,1189.89453125,619.4051513671875,0.8329624533653259,0
135,33,706.3206787109375,452.5520324707031,848.8257446289062,730.9569702148438,0.8788833022117615,0
135,5,1199.604248046875,362.2179260253906,1297.1915283203125,597.1363525390625,0.8239006400108337,0
135,123,1582.046142578125,155.5855255126953,1660.898193359375,308.13360595703125,0.18698760867118835,0
135,4,1579.4930419921875,373.4891052246094,1703.2496337890625,612.9386596679688,0.8137155175209045,0
135,182,425.82562255859375,201.0983428955078,525.3477172851562,393.42620849609375,0.720407247543335,0
135,16,1794.5093994140625,209.2990264892578,1863.747314453125,334.04132080078125,0.23333188891410828,0
135,237,131.98480224609375,473.93597412109375,279.5918884277344,754.2388305664062,0.8677498698234558,0
135,225,510.57830810546875,184.4262237548828,579.3764038085938,378.3070373535156,0.5431497097015381,0
135,11,1324.7205810546875,383.2402038574219,1419.394287109375,609.1690673828125,0.6184968948364258,0
136,1,3.552673816680908,534.260986328125,162.27928161621094,847.5687866210938,0.8905077576637268,0
136,2,1296.9788818359375,448.24224853515625,1452.4764404296875,749.3460693359375,0.875403106212616,0
136,3,1100.447265625,385.5601501464844,1191.8983154296875,600.1705322265625,0.6995280385017395,0
136,33,719.4949951171875,449.514404296875,863.2615966796875,729.812744140625,0.8366526365280151,0
136,5,1207.24560546875,360.1317443847656,1308.1002197265625,593.6936645507812,0.846143901348114,0
136,123,1601.2161865234375,155.1920166015625,1682.0159912109375,311.6557922363281,0.2668348550796509,0
136,4,1580.4036865234375,370.2811279296875,1705.4425048828125,612.897705078125,0.8481483459472656,0
136,182,439.7216491699219,201.333251953125,540.8505249023438,392.87420654296875,0.6953250169754028,0
136,16,1815.266357421875,209.0920867919922,1889.0068359375,342.1842041015625,0.2089637666940689,0
136,237,139.60252380371094,470.3741455078125,287.9996337890625,755.7440185546875,0.8513601422309875,0
136,225,529.1695556640625,183.4501190185547,598.4649658203125,377.89080810546875,0.5424743890762329,0
136,11,1335.453125,384.204833984375,1433.564697265625,623.5780029296875,0.7713093757629395,0
137,1,7.895130634307861,537.0413818359375,166.1794891357422,845.1788330078125,0.8938004970550537,0
137,2,1294.919677734375,447.6663818359375,1451.1236572265625,748.2385864257812,0.8858217597007751,0
137,3,1102.7581787109375,388.0346984863281,1198.6239013671875,614.6292114257812,0.8115880489349365,0
137,33,728.3595581054688,444.7073974609375,870.6934814453125,726.4686889648438,0.8278766870498657,0
137,5,1215.32861328125,357.8455810546875,1319.8060302734375,593.438720703125,0.8390580415725708,0
137,123,1621.96337890625,156.49087524414062,1702.512451171875,311.6714782714844,0.26588356494903564,0
137,4,1584.2740478515625,367.7034912109375,1711.8643798828125,613.9231567382812,0.9055917859077454,0
137,182,453.5688781738281,201.59475708007812,555.468017578125,392.4369812011719,0.5930094718933105,0
137,16,1837.4947509765625,211.14578247070312,1908.7904052734375,339.91583251953125,0.18476200103759766,0
137,237,147.0379180908203,466.5211486816406,297.1446838378906,757.138916015625,0.9022343754768372,0
137,225,545.0025024414062,183.9429473876953,615.4612426757812,379.7210998535156,0.45813262462615967,0
137,11,1346.9140625,386.6079406738281,1446.407958984375,632.28955078125,0.7972444891929626,0
138,1,9.694432258605957,540.679443359375,169.2559356689453,846.9964599609375,0.8607415556907654,0
138,2,1289.0078125,447.19378662109375,1446.3238525390625,742.6222534179688,0.8780468106269836,0
138,3,1105.1832275390625,388.6730041503906,1202.307861328125,619.4263305664062,0.8005285859107971,0
138,33,734.7976684570312,440.01776123046875,875.0177612304688,723.5772094726562,0.8836616277694702,0
138,5,1223.5362548828125,357.14605712890625,1330.108154296875,591.861328125,0.8214472532272339,0
138,123,1642.0189208984375,157.1233673095703,1722.637451171875,311.6526794433594,0.1401706486940384,0
138,4,1587.0460205078125,366.0632019042969,1715.3558349609375,608.9625244140625,0.8989934921264648,0
138,182,464.6186828613281,200.26397705078125,567.68603515625,392.1865539550781,0.3885018527507782,0
138,16,1855.869873046875,212.67333984375,1920.0,337.86273193359375,0.21936213970184326,0
138,237,151.9796905517578,464.1725769042969,303.9525146484375,758.450439453125,0.8966947197914124,0
138,225,561.5674438476562,183.3032684326172,632.5408935546875,379.5162048339844,0.46805745363235474,0
138,11,1358.86083984375,389.7454528808594,1459.0975341796875,636.904296875,0.8180846571922302,0
139,1,2.313272714614868,543.650146484375,160.8708953857422,848.962158203125,0.796676516532898,0
139,2,1284.315185546875,451.009765625,1441.97216796875,739.0875854492188,0.8856158256530762,0
139,3,1103.0189208984375,387.93975830078125,1204.3956298828125,622.97998046875,0.8311932682991028,0
139,33,737.4574584960938,436.3295593261719,874.223388671875,720.54248046875,0.8761532306671143,0
139,5,1229.5362548828125,358.40826416015625,1334.6773681640625,584.4510498046875,0.8217039704322815,0
139,123,1659.648681640625,156.55105590820312,1742.5792236328125,315.8568420410156,0.22109192609786987,0
139,4,1591.3868408203125,367.166259765625,1716.878662109375,598.0074462890625,0.9187362790107727,0
139,182,478.8560791015625,201.76507568359375,579.011474609375,391.39324951171875,0.4329606294631958,0
139,16,1868.20166015625,215.06655883789062,1920.0,345.2065734863281,0.1314232051372528,0
139,237,154.11187744140625,464.5939025878906,310.0913391113281,760.4590454101562,0.893481969833374,0
139,225,579.0574951171875,185.18128967285156,650.212646484375,380.42584228515625,0.5773630142211914,0
139,11,1368.849609375,392.9871520996094,1469.623779296875,637.5517578125,0.8234065175056458,0
140,1,0.0,542.7565307617188,154.3737030029297,847.8333129882812,0.45603659749031067,0
140,2,1284.887939453125,457.0558166503906,1442.17626953125,740.6898193359375,0.8763116598129272,0
140,3,1106.6339111328125,387.21392822265625,1212.010498046875,623.62646484375,0.8456704616546631,0
140,33,736.7942504882812,434.27825927734375,868.986328125,717.6180419921875,0.8583165407180786,0
140,5,1231.77392578125,360.8302307128906,1335.607421875,579.5185546875,0.6854369640350342,0
140,123,1678.359130859375,158.69857788085938,1761.607421875,318.6391296386719,0.270879328250885,0
140,4,1599.2159423828125,368.8631591796875,1723.434814453125,593.4896240234375,0.9120985865592957,0
140,182,492.58673095703125,200.24716186523438,590.8433837890625,393.0050964355469,0.2406018078327179,0
140,237,156.00796508789062,465.7866516113281,314.9894714355469,760.4765014648438,0.9064723253250122,0
140,225,596.7593994140625,184.908203125,668.7103271484375,383.14007568359375,0.4969177544116974,0
140,11,1375.7774658203125,394.5247802734375,1479.09521484375,639.022216796875,0.8104243278503418,0
141,1,0.0,539.7112426757812,148.6473388671875,841.2862548828125,0.7172992825508118,0
141,2,1287.1998291015625,461.6492614746094,1442.1181640625,742.199951171875,0.8370340466499329,0
141,3,1109.8004150390625,384.9175720214844,1221.1065673828125,623.8130493164062,0.8572819232940674,0
141,33,730.817138671875,433.1567687988281,858.4343872070312,714.4130859375,0.8798972964286804,0
141,5,1232.6409912109375,364.8882141113281,1334.69970703125,577.2926025390625,0.728755533695221,0
141,123,1696.16455078125,159.50575256347656,1779.8255615234375,320.38824462890625,0.4253986179828644,0
141,4,1603.520751953125,368.1043395996094,1728.2109375,594.62890625,0.8666290044784546,0
141,182,495.8399353027344,199.1058807373047,592.376220703125,392.92547607421875,0.43676480650901794,0
141,237,160.32972717285156,467.7519226074219,322.0191345214844,761.5099487304688,0.9076192378997803,0
141,225,613.380859375,185.73147583007812,684.72119140625,382.4542541503906,0.4739319980144501,0
141,11,1378.3671875,394.4302673339844,1485.2884521484375,641.5197143554688,0.8331446647644043,0
142,1,0.0,532.7281494140625,140.6248016357422,840.7744140625,0.8484252095222473,0
142,2,1281.061279296875,462.6765441894531,1434.1806640625,742.9990234375,0.8179288506507874,0
142,3,1111.5107421875,385.4669189453125,1226.1888427734375,622.6203002929688,0.8301997184753418,0
142,33,725.8963012695312,434.72711181640625,849.630126953125,711.5064697265625,0.8851860165596008,0
142,5,1220.2994384765625,367.1832580566406,1319.536865234375,575.6962890625,0.7648881077766418,0
142,123,1715.709716796875,161.34359741210938,1797.9105224609375,318.8309631347656,0.2821599245071411,0
142,4,1602.7506103515625,363.92620849609375,1727.7486572265625,595.835693359375,0.8730766773223877,0
142,182,505.3218078613281,197.84881591796875,600.2525634765625,392.5033874511719,0.5525029301643372,0
142,237,167.83731079101562,468.7563171386719,329.8210754394531,760.4865112304688,0.9178596138954163,0
142,225,629.557861328125,186.1575164794922,701.022216796875,382.344970703125,0.4284904897212982,0
142,11,1378.191162109375,393.83343505859375,1486.6051025390625,639.521240234375,0.8122423887252808,0
143,1,0.0,526.0331420898438,138.3268585205078,843.1517944335938,0.8617629408836365,0
143,2,1274.6221923828125,461.83746337890625,1424.4913330078125,743.3801879882812,0.7182292938232422,0
143,3,1117.8948974609375,387.0966491699219,1237.0743408203125,624.120361328125,0.7787285447120667,0
143,33,724.665771484375,438.2709045410156,845.2572021484375,708.7083129882812,0.9180154204368591,0
143,5,1215.894287109375,367.7744445800781,1320.666015625,590.4610595703125,0.621860921382904,0
143,123,1734.24462890625,162.79368591308594,1816.5103759765625,320.0312194824219,0.37691861391067505,0
143,4,1598.4573974609375,358.24188232421875,1721.1976318359375,595.7089233398438,0.822562038898468,0
143,182,517.767578125,198.0426788330078,610.7508544921875,392.31500244140625,0.7115005254745483,0
143,237,173.5065155029297,470.1039733886719,334.1501159667969,759.6734619140625,0.9025877118110657,0
143,225,644.195556640625,185.83834838867188,716.7024536132812,384.3448791503906,0.5404409170150757,0
143,11,1376.963623046875,392.8963928222656,1487.505859375,640.8471069335938,0.8464295864105225,0
144,1,0.0,518.3875732421875,140.47702026367188,841.4862060546875,0.8737568259239197,0
144,2,1268.5653076171875,460.23809814453125,1416.031982421875,744.5007934570312,0.8331785202026367,0
144,3,1120.54931640625,390.26104736328125,1240.3408203125,624.6304321289062,0.8285141587257385,0
144,33,727.0285034179688,440.9375,847.5728149414062,708.8414916992188,0.9305487871170044,0
144,5,1215.16357421875,366.2427673339844,1316.12744140625,580.3574829101562,0.6791061162948608,0
144,123,1752.912109375,163.37733459472656,1835.435302734375,321.0699768066406,0.3802380859851837,0
144,4,1598.1142578125,352.45880126953125,1717.544189453125,593.0084228515625,0.8487178087234497,0
144,182,526.71337890625,196.90380859375,620.2120361328125,393.31463623046875,0.7019116282463074,0
144,237,175.48023986816406,469.7665710449219,334.6344909667969,759.6997680664062,0.8984562754631042,0
144,225,663.0517578125,187.65921020507812,735.0457153320312,384.97125244140625,0.5261461734771729,0
144,11,1375.263427734375,392.38616943359375,1484.7977294921875,642.018798828125,0.7124487161636353,0
145,1,0.0,513.8370361328125,140.46011352539062,834.6116943359375,0.8476903438568115,0
145,2,1268.701416015625,456.27899169921875,1415.986328125,745.78271484375,0.8671453595161438,0
145,3,1131.5712890625,393.17877197265625,1252.481201171875,625.4164428710938,0.8688639998435974,0
145,33,731.3499145507812,443.15228271484375,853.8123168945312,709.552001953125,0.9048649072647095,0
145,5,1215.2305908203125,364.28759765625,1310.357177734375,565.7754516601562,0.6371544599533081,0
145,123,1772.5438232421875,164.520751953125,1854.7315673828125,321.028076171875,0.3203572928905487,0
145,4,1599.916015625,347.5943603515625,1716.0203857421875,588.3883056640625,0.8382320404052734,0
145,182,533.9481201171875,191.88438415527344,631.3018798828125,394.94976806640625,0.6415820121765137,0
145,237,175.04115295410156,466.419189453125,332.3791809082031,759.2103881835938,0.8759699463844299,0
145,225,677.3265380859375,189.62757873535156,749.5942993164062,386.2023620605469,0.5487304925918579,0
145,11,1372.7275390625,392.91326904296875,1479.7041015625,644.4278564453125,0.8425105810165405,0
146,1,0.0,512.2222290039062,146.04672241210938,832.3049926757812,0.874587893486023,0
146,2,1271.076904296875,453.35394287109375,1419.2650146484375,746.4325561523438,0.8557982444763184,0
146,3,1133.28662109375,394.6508483886719,1255.435791015625,627.02880859375,0.8430382013320923,0
146,33,737.5575561523438,444.8243408203125,863.406982421875,709.9677734375,0.914405882358551,0
146,5,1214.9510498046875,363.25531005859375,1308.922119140625,565.85546875,0.6661447286605835,0
146,123,1791.60595703125,165.72769165039062,1874.5479736328125,323.3772277832031,0.3620380461215973,0
146,4,1601.61572265625,344.813232421875,1715.2254638671875,585.51318359375,0.8394114375114441,0
146,182,544.5213623046875,200.1190185546875,640.847900390625,396.014892578125,0.7168021202087402,0
146,237,174.62969970703125,462.73199462890625,328.91748046875,758.4185180664062,0.8481349945068359,0
146,225,694.4843139648438,190.13685607910156,767.0956420898438,386.5212097167969,0.5596357583999634,0
146,11,1377.6748046875,394.1677551269531,1482.8197021484375,646.7241821289062,0.8344462513923645,0
147,1,1.2933214902877808,512.6578369140625,150.18138122558594,826.10400390625,0.8931143879890442,0
147,2,1268.060791015625,452.8063659667969,1416.8218994140625,742.8634643554688,0.8144832849502563,0
147,3,1134.626708984375,391.7016296386719,1259.892578125,629.3882446289062,0.8602559566497803,0
147,33,747.13720703125,447.0412292480469,874.9495239257812,707.502197265625,0.8990805745124817,0
147,5,1219.890869140625,360.5086975097656,1313.512451171875,566.8365478515625,0.7328324913978577,0
147,123,1811.080322265625,166.5499267578125,1896.146240234375,328.138427734375,0.19252653419971466,0
147,4,1602.746337890625,343.4672546386719,1713.6248779296875,582.2373657226562,0.8782060742378235,0
147,182,556.5853271484375,203.8468475341797,654.4967041015625,397.25799560546875,0.6600216627120972,0
147,237,180.40126037597656,458.3438415527344,332.8037414550781,757.3203735351562,0.8564596176147461,0
147,225,711.5907592773438,190.4713897705078,784.8298950195312,387.0727844238281,0.5584575533866882,0
147,11,1384.7142333984375,396.82904052734375,1488.8704833984375,646.7659912109375,0.8237887024879456,0
148,1,5.117454528808594,519.6549682617188,150.8690948486328,823.8163452148438,0.881534218788147,0
148,2,1260.34814453125,452.8000183105469,1411.5755615234375,738.5123901367188,0.861146867275238,0
148,3,1135.9718017578125,387.5821533203125,1262.1571044921875,629.6953735351562,0.8146468997001648,0
148,33,758.4227905273438,449.2493591308594,888.16162109375,705.6367797851562,0.910279393196106,0
148,5,1220.3970947265625,356.91632080078125,1314.6064453125,569.8438110351562,0.6554380059242249,0
148,123,1831.5015869140625,170.739990234375,1915.445556640625,329.6864929199219,0.27314502000808716,0
148,4,1598.1558837890625,343.220947265625,1708.0008544921875,581.1200561523438,0.8828467726707458,0
148,182,570.6991577148438,204.46954345703125,671.1806640625,398.0142517089844,0.7273655533790588,0
148,237,189.53512573242188,453.4645690917969,340.8356628417969,756.3331909179688,0.8690782189369202,0
148,225,729.68017578125,192.39845275878906,802.8305053710938,388.4826354980469,0.5473464727401733,0
148,11,1387.4083251953125,399.47381591796875,1494.5313720703125,649.6522827148438,0.8395341634750366,0
149,1,9.100706100463867,524.9014892578125,153.00723266601562,823.7512817382812,0.878555417060852,0
149,2,1256.189453125,454.6025695800781,1410.225341796875,736.9103393554688,0.9012647271156311,0
149,3,1138.9378662109375,382.79913330078125,1266.5426025390625,631.6713256835938,0.7733052968978882,0
149,33,769.0042114257812,449.6095275878906,900.0267333984375,703.8882446289062,0.9092877507209778,0
149,5,1225.5975341796875,352.32293701171875,1319.439697265625,571.7106323242188,0.5947695374488831,0
149,123,1851.09765625,171.36141967773438,1920.0,310.6169738769531,0.15305481851100922,0
149,4,1592.284423828125,346.98797607421875,1701.7979736328125,583.4155883789062,0.867489218711853,0
149,182,585.1394653320312,207.7733917236328,686.4874267578125,398.97222900390625,0.6962458491325378,0
149,237,199.11732482910156,450.5213928222656,349.2727355957031,755.9486083984375,0.8736569881439209,0
149,225,743.9506225585938,192.267578125,818.0648193359375,389.1695556640625,0.4973120093345642,0
149,11,1395.42724609375,402.6476745605469,1505.591796875,652.4287719726562,0.8053210973739624,0
150,1,7.114597320556641,524.8817138671875,150.30731201171875,822.4194946289062,0.860776424407959,0
150,2,1258.0894775390625,458.04217529296875,1413.0333251953125,737.1538696289062,0.8585392236709595,0
150,3,1147.7257080078125,380.5886535644531,1275.5162353515625,632.3741455078125,0.76824551820755,0
150,33,777.4176635742188,447.6090393066406,909.516845703125,703.5651245117188,0.8995711207389832,0
150,5,1232.3948974609375,349.66912841796875,1324.8734130859375,571.1727294921875,0.49816960096359253,0
150,4,1593.553466796875,351.74237060546875,1703.9012451171875,585.4974975585938,0.8848139643669128,0
150,182,599.8499755859375,208.37745666503906,702.1585083007812,398.89801025390625,0.7385615706443787,0
150,237,210.10223388671875,450.295654296875,358.0977783203125,754.7838134765625,0.8817366361618042,0
150,225,761.7760620117188,193.66368103027344,835.0359497070312,386.84130859375,0.4915911555290222,0
150,11,1402.4393310546875,405.6117858886719,1515.9007568359375,653.9265747070312,0.8097988963127136,0
151,1,1.7027658224105835,523.1633911132812,144.4877166748047,822.24951171875,0.8096657395362854,0
151,2,1261.9486083984375,458.3466491699219,1416.948486328125,737.7006225585938,0.8434603810310364,0
151,3,1154.671142578125,378.6388244628906,1282.01171875,632.53662109375,0.8110414147377014,0
151,33,785.7022094726562,444.51446533203125,917.026611328125,703.0635375976562,0.8851782083511353,0
151,5,1237.3065185546875,346.7267761230469,1333.9556884765625,582.986328125,0.4082358777523041,0
151,4,1598.9532470703125,357.2603454589844,1710.591796875,587.1508178710938,0.8861305713653564,0
151,182,614.0816040039062,208.48915100097656,716.342529296875,397.1502990722656,0.7322738170623779,0
151,237,222.5716552734375,451.8704528808594,367.9139404296875,752.3472290039062,0.8692123889923096,0
151,225,779.151123046875,194.92083740234375,852.0230712890625,386.16741943359375,0.5500055551528931,0
151,11,1403.960693359375,406.722412109375,1521.9598388671875,654.4804077148438,0.8689559698104858,0
152,1,0.0,512.523193359375,142.80482482910156,821.2525024414062,0.8601621985435486,0
152,2,1261.301513671875,458.7041320800781,1414.4412841796875,738.1646728515625,0.558208167552948,0
152,3,1161.7296142578125,378.44482421875,1288.3118896484375,633.8395385742188,0.7719913125038147,0
152,33,790.71875,441.4437255859375,919.9215087890625,704.1619873046875,0.8876383900642395,0
152,5,1244.2325439453125,346.8809814453125,1332.28955078125,563.5829467773438,0.38036563992500305,0
152,4,1605.744873046875,361.1979064941406,1719.855224609375,589.162353515625,0.8946236968040466,0
152,182,624.9115600585938,206.56077575683594,727.9348754882812,396.5141296386719,0.7064052224159241,0
152,237,236.29550170898438,452.6651306152344,380.84735107421875,752.5252685546875,0.8748577237129211,0
152,225,793.0465087890625,193.59042358398438,867.7178955078125,388.2293701171875,0.6226217746734619,0
152,11,1409.894287109375,407.2066955566406,1529.881103515625,653.4113159179688,0.875413715839386,0
152,345,0.0,454.8843688964844,55.589317321777344,666.32177734375,0.37807872891426086,0
153,1,0.0,511.17559814453125,142.0969696044922,820.3741455078125,0.8360981941223145,0
153,2,1250.5283203125,459.12042236328125,1398.27880859375,740.554443359375,0.6971328854560852,0
153,3,1173.49365234375,360.22088623046875,1309.5537109375,633.1272583007812,0.8124361634254456,0
153,33,798.2177124023438,438.6283874511719,924.826171875,704.2646484375,0.8802456259727478,0
153,4,1614.78466796875,362.016845703125,1729.8367919921875,587.9684448242188,0.8757249712944031,0
153,182,630.668212890625,207.08656311035156,733.465576171875,396.89459228515625,0.6109567880630493,0
153,237,242.85269165039062,453.6199951171875,387.81927490234375,754.3547973632812,0.847699761390686,0
153,225,808.4666137695312,194.67933654785156,884.06787109375,390.936279296875,0.6594202518463135,0
153,11,1415.31591796875,408.02581787109375,1532.7379150390625,646.7947998046875,0.8732824325561523,0
153,345,2.6514182090759277,454.10394287109375,60.033756256103516,670.6353759765625,0.41683268547058105,0
154,1,5.531854629516602,506.0876770019531,148.04843139648438,817.4813842773438,0.8528975248336792,0
154,2,1252.62060546875,457.2627258300781,1396.5751953125,741.2039794921875,0.7635297179222107,0
154,3,1176.556396484375,354.525390625,1314.099609375,632.589599609375,0.7821025252342224,0
154,33,805.8120727539062,436.8854675292969,929.2574462890625,703.0291748046875,0.8582180142402649,0
154,4,1614.7667236328125,360.9858093261719,1730.21826171875,583.5569458007812,0.8709191679954529,0
154,182,638.2109985351562,205.94552612304688,739.8944091796875,397.2691955566406,0.5714319348335266,0
154,237,254.9918975830078,453.0020446777344,397.8418273925781,750.7968139648438,0.8590114712715149,0
154,225,823.505615234375,195.1993865966797,899.3331298828125,391.3440246582031,0.6617918014526367,0
154,11,1415.267822265625,407.80694580078125,1531.5379638671875,644.39404296875,0.8727136254310608,0
154,345,3.5650973320007324,453.7032470703125,66.27689361572266,689.6381225585938,0.28829869627952576,0
155,1,14.311896324157715,502.0773620605469,157.10711669921875,815.1173095703125,0.8490870594978333,0
155,2,1252.973388671875,452.0169982910156,1396.586181640625,742.1806030273438,0.7891756296157837,0
155,3,1179.3760986328125,355.1744689941406,1315.490478515625,633.3143310546875,0.8317561149597168,0
155,33,808.6492309570312,436.6369323730469,929.793212890625,702.57861328125,0.8722936511039734,0
155,4,1621.9017333984375,356.8690185546875,1734.8133544921875,576.8554077148438,0.8151434063911438,0
155,182,647.3004150390625,205.56475830078125,746.8338012695312,398.0780944824219,0.6537840962409973,0
155,237,264.9871520996094,451.3586730957031,405.8546142578125,747.0498657226562,0.8715165853500366,0
155,225,837.542724609375,194.79690551757812,914.5159301757812,393.2713317871094,0.7121845483779907,0
155,11,1412.2432861328125,407.1608581542969,1527.2275390625,644.4453125,0.8171115517616272,0
155,345,0.0,454.3427429199219,72.70588684082031,732.6594848632812,0.45343443751335144,0
156,1,20.43170928955078,500.6639709472656,163.0443878173828,809.8739013671875,0.8120272159576416,0
156,2,1253.1217041015625,448.791015625,1396.211669921875,742.6322631835938,0.8431771993637085,0
156,3,1179.293212890625,358.5748596191406,1312.866943359375,632.4547729492188,0.8118011951446533,0
156,33,810.6679077148438,438.5398254394531,930.2816772460938,703.3970336914062,0.8996323347091675,0
156,4,1621.057861328125,351.09259033203125,1732.8258056640625,573.1070556640625,0.7029692530632019,0
156,182,657.9579467773438,206.06576538085938,754.9120483398438,398.7703552246094,0.49332407116889954,0
156,237,273.5300598144531,450.64764404296875,412.28411865234375,743.4961547851562,0.8691785931587219,0
156,225,852.19287109375,196.94651794433594,928.8851318359375,394.2518005371094,0.6719285249710083,0
156,11,1407.962158203125,406.2742004394531,1521.3624267578125,645.2644653320312,0.8753811717033386,0
156,345,0.0,456.058837890625,75.18730926513672,749.9583129882812,0.5445423126220703,0
157,1,25.99380111694336,502.33465576171875,168.8553009033203,805.6430053710938,0.8273895382881165,0
157,2,1249.9830322265625,445.7159423828125,1393.7191162109375,742.5192260742188,0.8359516263008118,0
157,3,1184.077392578125,381.3902587890625,1306.432373046875,631.8953857421875,0.7750645875930786,0
157,33,810.9140625,440.47662353515625,929.68408203125,704.09375,0.875038206577301,0
157,4,1619.50146484375,345.37823486328125,1729.09375,569.6986694335938,0.8028035759925842,0
157,182,667.9456787109375,207.4468231201172,761.7952880859375,399.358154296875,0.4221339523792267,0
157,237,277.41510009765625,448.5098571777344,413.7031555175781,740.3688354492188,0.876098096370697,0
157,225,864.5218505859375,198.52809143066406,942.019775390625,396.6236267089844,0.6701856851577759,0
157,11,1407.80029296875,403.9123229980469,1522.969970703125,647.8264770507812,0.8499153256416321,0
157,345,0.0,460.6069641113281,75.89375305175781,757.8695068359375,0.6232062578201294,0
158,1,34.39937973022461,505.85247802734375,177.1268768310547,801.5056762695312,0.830098032951355,0
158,2,1243.7083740234375,444.0478820800781,1387.7237548828125,736.5162353515625,0.803071916103363,0
158,3,1186.20263671875,388.61651611328125,1306.3699951171875,634.609130859375,0.760024905204773,0
158,33,812.5291748046875,443.5425109863281,930.3265991210938,704.6868896484375,0.8668716549873352,0
158,4,1617.221435546875,340.827392578125,1724.10400390625,566.105712890625,0.8187838196754456,0
158,182,676.9389038085938,208.31546020507812,768.3453369140625,401.40185546875,0.5314217209815979,0
158,237,276.5847473144531,446.8605651855469,409.6824035644531,736.6361694335938,0.8838067650794983,0
158,225,878.6952514648438,200.17506408691406,956.0507202148438,397.498779296875,0.6793258786201477,0
158,11,1407.94384765625,401.1167297363281,1525.1771240234375,646.6348876953125,0.8412207365036011,0
158,345,0.0,465.6532287597656,76.54927825927734,766.03662109375,0.5918944478034973,0
158,372,1185.3564453125,363.2483825683594,1305.2713623046875,568.936767578125,0.4629436433315277,0
159,1,42.349002838134766,509.4404602050781,185.6206512451172,799.9642333984375,0.8058586120605469,0
159,2,1238.863525390625,445.7647705078125,1382.7337646484375,730.9459228515625,0.874275267124176,0
159,3,1181.442138671875,371.99432373046875,1309.1058349609375,634.60986328125,0.5989242196083069,0
159,33,816.2130737304688,446.4971008300781,933.98193359375,705.8538818359375,0.891972005367279,0
159,4,1616.154541015625,337.7660217285156,1721.955322265625,565.8218994140625,0.8523694276809692,0
159,182,687.0860595703125,209.44325256347656,775.4696044921875,402.2529602050781,0.6344858407974243,0
159,237,276.72052001953125,445.9476623535156,408.7129821777344,735.3392333984375,0.8894786238670349,0
159,225,890.8828735351562,202.1074676513672,968.3923950195312,398.2181701660156,0.7422525882720947,0
159,11,1408.4500732421875,397.1413269042969,1530.3597412109375,648.9310913085938,0.8596123456954956,0
159,345,0.0,474.0704040527344,75.72508239746094,768.7827758789062,0.7448775172233582,0
160,1,51.125213623046875,510.77923583984375,192.41497802734375,791.3194580078125,0.8226523399353027,0
160,2,1239.4193115234375,449.9909973144531,1380.884521484375,725.7703857421875,0.8906822204589844,0
160,3,1184.8194580078125,368.1688232421875,1313.1346435546875,635.8710327148438,0.380045622587204,0
160,33,823.4492797851562,448.5599060058594,941.3839721679688,705.340087890625,0.8885879516601562,0
160,4,1615.7220458984375,336.2048645019531,1719.945068359375,565.4231567382812,0.8529156446456909,0
160,182,696.3985595703125,211.6118621826172,783.0647583007812,403.17138671875,0.5373677611351013,0
160,237,279.6606140136719,444.7430419921875,412.4098815917969,734.100830078125,0.9037402272224426,0
160,225,904.2432250976562,205.01597595214844,982.0758666992188,400.3526611328125,0.6826026439666748,0
160,11,1408.1949462890625,394.6576232910156,1535.493408203125,650.32080078125,0.8698830008506775,0
160,345,1.2948694229125977,481.15087890625,76.81326293945312,768.1622924804688,0.8222838044166565,0
160,372,1185.9630126953125,364.7032470703125,1303.491943359375,566.231201171875,0.5386872291564941,0
161,1,51.81864929199219,509.4459228515625,197.2528839111328,795.4373779296875,0.8231406211853027,0
161,2,1240.872802734375,451.3125305175781,1380.8670654296875,724.2991333007812,0.8419179916381836,0
161,3,1189.2171630859375,366.6444396972656,1317.4462890625,638.6416015625,0.1646493375301361,0
161,33,830.7636108398438,447.26519775390625,949.3333740234375,702.8914184570312,0.8667564988136292,0
161,4,1611.90234375,337.11480712890625,1713.96044921875,565.19140625,0.8203373551368713,0
161,182,706.1355590820312,212.5667724609375,791.809814453125,404.1064147949219,0.4047795236110687,0
161,237,286.41253662109375,445.7568359375,419.95367431640625,733.6193237304688,0.8998278975486755,0
161,225,911.0062255859375,206.88095092773438,991.0330810546875,401.6156311035156,0.5762467980384827,0
161,11,1406.4066162109375,393.781982421875,1530.6962890625,637.980224609375,0.8644468784332275,0
161,345,6.98369026184082,485.93414306640625,81.45133972167969,766.2496337890625,0.7876747250556946,0
161,372,1191.178466796875,366.2166442871094,1307.1861572265625,565.5567016601562,0.6739214658737183,0
162,1,56.4050178527832,505.4474182128906,203.66207885742188,796.8074951171875,0.807347297668457,0
162,2,1235.908203125,450.6195068359375,1375.1832275390625,724.30029296875,0.7789551019668579,0
162,33,839.5008544921875,445.3858642578125,957.960693359375,699.300537109375,0.871097207069397,0
162,4,1600.2913818359375,339.7483825683594,1701.179931640625,565.1558837890625,0.8337125182151794,0
162,182,717.6497802734375,214.34732055664062,803.4214477539062,406.3623962402344,0.4156460165977478,0
162,237,294.5160217285156,446.7001037597656,429.86444091796875,733.9822998046875,0.8968254327774048,0
162,225,920.196533203125,208.9897003173828,1001.7481079101562,402.9410705566406,0.5839240550994873,0
162,11,1404.4539794921875,395.92767333984375,1512.814453125,612.01953125,0.6553500890731812,0
162,345,13.028253555297852,488.3459777832031,87.14700317382812,763.388671875,0.7728747725486755,0
162,372,1198.66943359375,362.98779296875,1314.7244873046875,563.8316040039062,0.7461848258972168,0
163,1,61.515743255615234,498.77252197265625,204.1701202392578,786.1646728515625,0.7547174692153931,0
163,2,1225.6627197265625,428.9360046386719,1371.8056640625,724.5635986328125,0.8082786202430725,0
163,33,848.16162109375,442.8075866699219,966.7908325195312,697.6961669921875,0.8754770755767822,0
163,4,1591.5416259765625,344.63677978515625,1692.5968017578125,567.9257202148438,0.8462563753128052,0
163,182,727.7028198242188,215.34674072265625,814.1268310546875,407.7997741699219,0.40803200006484985,0
163,237,302.5787658691406,448.49322509765625,439.50958251953125,733.059814453125,0.8694502115249634,0
163,225,933.7080078125,211.04180908203125,1016.0791015625,403.7513427734375,0.6205727458000183,0
163,11,1406.81005859375,398.4271240234375,1520.2432861328125,625.3842163085938,0.6355956792831421,0
163,345,19.522014617919922,488.6564636230469,95.47564697265625,763.720703125,0.7950961589813232,0
163,372,1203.2921142578125,360.3243408203125,1320.724365234375,565.5870361328125,0.7444525361061096,0
164,1,63.32651138305664,493.5143127441406,204.49066162109375,786.661865234375,0.8002516031265259,0
164,2,1220.1585693359375,429.5329895019531,1360.5494384765625,723.0846557617188,0.8096386790275574,0
164,33,857.099609375,440.4488220214844,975.0985107421875,696.2099609375,0.8674011826515198,0
164,4,1585.456787109375,350.86199951171875,1687.18310546875,571.0269775390625,0.8659432530403137,0
164,182,740.0584716796875,216.73699951171875,827.1222534179688,408.81317138671875,0.5396187901496887,0
164,237,314.20672607421875,450.8544006347656,452.984619140625,732.4605102539062,0.9111799001693726,0
164,225,945.4310302734375,212.79742431640625,1029.57470703125,406.3667297363281,0.6554911732673645,0
164,11,1396.1590576171875,401.83709716796875,1506.540283203125,632.707275390625,0.5913687944412231,0
164,345,21.171533584594727,488.7585754394531,102.16936492919922,769.6463623046875,0.8115046620368958,0
164,372,1207.300537109375,359.62567138671875,1324.101806640625,565.734130859375,0.7769272923469543,0
164,396,630.9286499023438,199.0923309326172,704.2713623046875,346.8803405761719,0.47455331683158875,0
165,1,70.64338684082031,489.8330993652344,210.42404174804688,790.059326171875,0.7852816581726074,0
165,2,1219.337646484375,427.5636901855469,1356.5426025390625,722.9805297851562,0.7910855412483215,0
165,33,866.7967529296875,438.6099548339844,981.9865112304688,692.6224365234375,0.8408473134040833,0
165,4,1587.1988525390625,358.8153991699219,1689.7762451171875,573.4544677734375,0.8862408995628357,0
165,182,754.6925659179688,218.6148223876953,841.031982421875,408.4500732421875,0.5176522731781006,0
165,237,326.07843017578125,452.0787658691406,465.45135498046875,730.36474609375,0.9049187898635864,0
165,225,957.6917114257812,214.141845703125,1042.9310302734375,407.3947448730469,0.5827471613883972,0
165,11,1396.005615234375,404.1290283203125,1503.118408203125,633.9678344726562,0.8276177048683167,0
165,345,24.191143035888672,489.1840515136719,110.54000854492188,772.2051391601562,0.8204634785652161,0
165,372,1206.987548828125,358.8681945800781,1323.98681640625,566.6114501953125,0.7732455134391785,0
165,396,644.787109375,199.62135314941406,718.723388671875,349.0279541015625,0.3601166009902954,0
166,1,82.64668273925781,486.9020690917969,218.05044555664062,787.6204223632812,0.8489603996276855,0
166,2,1222.4561767578125,429.3747253417969,1356.141845703125,722.965576171875,0.8169856667518616,0
166,33,874.3189086914062,437.8062744140625,986.2640991210938,688.1515502929688,0.8357712626457214,0
166,4,1590.8402099609375,361.39215087890625,1696.8966064453125,575.80810546875,0.8924868702888489,0
166,182,766.74609375,219.45143127441406,853.0311889648438,408.88006591796875,0.40539833903312683,0
166,237,339.0768737792969,453.1938781738281,477.1265563964844,726.0671997070312,0.9040251970291138,0
166,225,969.7529907226562,217.1787109375,1053.6820068359375,405.60009765625,0.564224898815155,0
166,11,1391.1851806640625,403.5384826660156,1499.0452880859375,635.832275390625,0.8258852362632751,0
166,345,26.764381408691406,492.34130859375,118.66793823242188,776.0576171875,0.8321301937103271,0
166,372,1205.248291015625,360.46258544921875,1321.42138671875,566.6917724609375,0.7036072015762329,0
166,396,661.690673828125,202.39134216308594,737.31103515625,355.45587158203125,0.318917840719223,0
167,1,94.40059661865234,486.6844177246094,223.59767150878906,781.8025512695312,0.8489271998405457,0
167,2,1220.828857421875,434.61041259765625,1352.341064453125,721.8861083984375,0.881050169467926,0
167,33,875.3889770507812,438.73175048828125,984.5684814453125,682.24609375,0.8946748375892639,0
167,4,1594.1016845703125,365.0095520019531,1701.677978515625,575.43359375,0.8768245577812195,0
167,182,776.888916015625,218.70245361328125,863.233154296875,409.7913513183594,0.31895798444747925,0
167,237,343.88531494140625,451.8850402832031,479.2964782714844,723.494384765625,0.8802440762519836,0
167,225,982.0798950195312,218.0217742919922,1066.113525390625,405.1203308105469,0.5279315710067749,0
167,11,1388.733642578125,400.59375,1499.0943603515625,636.8583374023438,0.8003919124603271,0
167,345,29.710119247436523,496.989501953125,127.48794555664062,780.6171264648438,0.8412972092628479,0
167,372,1204.0263671875,362.6808776855469,1320.2890625,569.0139770507812,0.719441294670105,0
167,396,679.2520751953125,204.46017456054688,752.9757080078125,353.6495361328125,0.36436280608177185,0
168,1,102.97280883789062,487.93988037109375,228.99053955078125,782.023681640625,0.80976402759552,0
168,2,1215.8125,437.283447265625,1347.7822265625,719.4877319335938,0.8755879402160645,0
168,33,877.791015625,439.18115234375,986.0669555664062,678.1364135742188,0.875464141368866,0
168,4,1598.9852294921875,367.8966064453125,1705.82666015625,572.3148803710938,0.8995037078857422,0
168,182,786.3531494140625,219.03439331054688,871.1196899414062,410.17083740234375,0.4143925607204437,0
168,237,351.90411376953125,449.1654357910156,484.6913146972656,722.2282104492188,0.8760631084442139,0
168,225,993.3898315429688,220.38185119628906,1076.1895751953125,402.6934814453125,0.5813031792640686,0
168,11,1385.398681640625,398.21923828125,1499.62060546875,638.8812255859375,0.839995801448822,0
168,345,31.08059310913086,503.01300048828125,132.95606994628906,786.5845947265625,0.7439299821853638,0
168,372,1204.0089111328125,367.2962646484375,1319.0206298828125,570.8502807617188,0.5640100836753845,0
168,396,697.3240356445312,207.14817810058594,768.8493041992188,352.14727783203125,0.3690224587917328,0
169,1,111.97967529296875,490.407470703125,234.979248046875,781.1463012695312,0.8175566792488098,0
169,2,1213.6182861328125,437.4988708496094,1346.306884765625,712.7971801757812,0.8793163895606995,0
169,33,880.3313598632812,442.150146484375,989.5506591796875,676.020751953125,0.9133464694023132,0
169,4,1600.5523681640625,359.2834167480469,1712.283447265625,573.6491088867188,0.8704842925071716,0
169,182,798.8017578125,219.71728515625,882.5670166015625,411.5932312011719,0.29451897740364075,0
169,237,355.8893127441406,446.35345458984375,485.3892517089844,722.6380004882812,0.8609876036643982,0
169,225,1002.8247680664062,220.9435272216797,1085.3671875,403.5360107421875,0.4075847566127777,0
169,11,1384.36865234375,395.97967529296875,1501.2115478515625,639.508056640625,0.7588066458702087,0
169,345,37.7696418762207,508.417236328125,140.28099060058594,787.5778198242188,0.8162760734558105,0
169,372,1200.8150634765625,370.6095886230469,1314.72412109375,569.7310180664062,0.6476058959960938,0
169,396,709.9187622070312,208.98373413085938,781.40283203125,353.4438781738281,0.32315483689308167,0
170,1,119.40816497802734,492.3162536621094,239.98757934570312,778.703857421875,0.849025309085846,0
170,2,1208.8311767578125,413.8224792480469,1352.7021484375,708.1612548828125,0.8234784007072449,0
170,33,885.724609375,445.15435791015625,997.5545654296875,675.9163208007812,0.8896147608757019,0
170,4,1598.2078857421875,358.03887939453125,1710.5948486328125,576.826416015625,0.857117235660553,0
170,182,813.33056640625,220.9541778564453,897.1923217773438,413.67694091796875,0.4201510548591614,0
170,237,360.5556945800781,443.8694152832031,484.9107666015625,721.5421142578125,0.8038409352302551,0
170,225,1013.6018676757812,221.99217224121094,1094.6236572265625,402.7745361328125,0.47160011529922485,0
170,11,1372.174560546875,397.0961608886719,1488.1708984375,632.085693359375,0.6431370973587036,0
170,345,43.422332763671875,511.9299621582031,145.17422485351562,786.8731689453125,0.8534064292907715,0
170,372,1202.411376953125,377.3005676269531,1308.3563232421875,557.2885131835938,0.48287174105644226,0
170,396,725.7623291015625,210.8220672607422,796.6539306640625,354.3431091308594,0.33224791288375854,0
170,3,1269.4749755859375,407.4245910644531,1370.4840087890625,635.2841796875,0.5945482850074768,0
171,1,128.8433380126953,491.6053161621094,247.03253173828125,774.5872192382812,0.8464391231536865,0
171,2,1211.3541259765625,426.37615966796875,1350.5032958984375,705.6913452148438,0.7753499746322632,0
171,33,893.1546630859375,447.4334716796875,1007.5941162109375,676.6688232421875,0.8992834687232971,0
171,4,1595.2900390625,361.7685546875,1705.05810546875,579.3448486328125,0.8160423636436462,0
171,182,828.572265625,221.3584442138672,912.3812866210938,414.493408203125,0.46020281314849854,0
171,237,366.6129150390625,441.5676574707031,486.7107849121094,718.891357421875,0.8653526306152344,0
171,225,1026.1324462890625,223.95851135253906,1105.7867431640625,402.89422607421875,0.5618847608566284,0
171,11,1364.849609375,400.34710693359375,1482.01123046875,631.1199340820312,0.8034692406654358,0
171,345,45.08743667602539,513.3715209960938,145.75802612304688,784.8601684570312,0.8615955710411072,0
171,372,1201.49658203125,380.2775573730469,1307.7357177734375,555.6942749023438,0.5909227132797241,0
171,396,740.2195434570312,212.16473388671875,811.2658081054688,356.5069885253906,0.34407055377960205,0
171,3,1278.30615234375,410.943115234375,1373.8345947265625,637.08203125,0.5383750796318054,0
172,1,139.52752685546875,489.5395202636719,255.6133575439453,770.5843505859375,0.8708571195602417,0
172,2,1214.125732421875,431.25299072265625,1351.509033203125,707.3507690429688,0.7846050262451172,0
172,33,901.6431274414062,449.3582458496094,1018.3314819335938,677.7451782226562,0.9040669798851013,0
172,4,1588.83544921875,357.2657470703125,1697.8721923828125,580.1307373046875,0.7685529589653015,0
172,182,839.9166870117188,222.5484161376953,923.42822265625,414.1001892089844,0.39425382018089294,0
172,237,375.9173583984375,440.15509033203125,492.3597412109375,715.0616455078125,0.8776711821556091,0
172,225,1038.2303466796875,224.6953125,1117.8603515625,404.61395263671875,0.4469180107116699,0
172,11,1351.5369873046875,402.2520446777344,1469.669677734375,630.4540405273438,0.7560939192771912,0
172,345,48.930908203125,514.3538208007812,149.31561279296875,784.1697998046875,0.8621588349342346,0
172,372,1201.30224609375,385.3374328613281,1308.056396484375,556.440185546875,0.6585894823074341,0
172,396,753.2350463867188,212.77252197265625,824.622802734375,358.421875,0.4617159068584442,0
172,3,1283.923828125,413.85894775390625,1377.478759765625,644.3908081054688,0.46932467818260193,0
173,1,148.4154510498047,486.15203857421875,263.3291931152344,767.7935180664062,0.8661898970603943,0
173,2,1211.4864501953125,430.9181823730469,1348.1292724609375,708.2930297851562,0.7884717583656311,0
173,33,909.7657470703125,449.6043701171875,1028.2431640625,678.3912353515625,0.8954452276229858,0
173,4,1587.318603515625,351.0650634765625,1695.245361328125,581.4771118164062,0.7642122507095337,0
173,182,841.6580200195312,225.07249450683594,921.7290649414062,413.52496337890625,0.39530977606773376,0
173,237,383.09063720703125,439.30645751953125,497.5048522949219,710.936279296875,0.8784384727478027,0
173,225,1049.8114013671875,226.55787658691406,1129.185302734375,407.0204162597656,0.4761112630367279,0
173,11,1346.0928955078125,401.3085632324219,1461.2933349609375,622.5317993164062,0.6925365328788757,0
173,345,53.53679656982422,515.0018310546875,156.7514190673828,791.0250854492188,0.8655039668083191,0
173,372,1204.586669921875,389.72979736328125,1312.2152099609375,558.3502807617188,0.6097867488861084,0
173,396,766.47607421875,215.13876342773438,837.6817016601562,360.9187927246094,0.2607889175415039,0
173,3,1289.3602294921875,415.4718017578125,1381.0770263671875,646.462890625,0.6228153705596924,0
174,1,160.63601684570312,484.39715576171875,273.15838623046875,763.4180297851562,0.8587491512298584,0
174,2,1209.9892578125,422.99725341796875,1348.166259765625,710.1542358398438,0.7184185981750488,0
174,33,915.9715576171875,449.3514404296875,1034.406005859375,678.3224487304688,0.8752687573432922,0
174,4,1590.925048828125,348.2843933105469,1691.76220703125,572.2916870117188,0.7614839673042297,0
174,182,846.6503295898438,225.2123565673828,925.1972045898438,413.1169128417969,0.44480180740356445,0
174,237,389.05474853515625,439.4447021484375,502.3243103027344,707.142333984375,0.8694853782653809,0
174,225,1060.61181640625,227.7316436767578,1137.40869140625,405.21533203125,0.34846794605255127,0
174,11,1336.798583984375,398.194580078125,1456.4010009765625,628.5626220703125,0.7258816957473755,0
174,345,60.42436981201172,515.63623046875,167.5877685546875,800.00341796875,0.8632587194442749,0
174,372,1210.9166259765625,392.5071105957031,1319.1168212890625,559.259033203125,0.6281799077987671,0
174,396,780.3471069335938,218.32748413085938,849.4924926757812,360.1794738769531,0.3460208475589752,0
174,3,1293.4759521484375,411.5651550292969,1383.8212890625,640.9175415039062,0.5571399927139282,0
175,1,172.5303497314453,482.8416748046875,284.0328369140625,760.6865844726562,0.8444128036499023,0
175,2,1209.9112548828125,430.0210876464844,1341.646484375,710.0413208007812,0.7452274560928345,0
175,33,922.0193481445312,449.6206970214844,1038.717041015625,678.330078125,0.8696750998497009,0
175,4,1586.564697265625,344.5966796875,1685.60400390625,570.4380493164062,0.74427729845047,0
175,182,855.8782958984375,229.13845825195312,931.8531494140625,411.7051696777344,0.44098809361457825,0
175,237,393.8996276855469,440.04412841796875,507.3630676269531,704.9071655273438,0.9039640426635742,0
175,225,1070.9136962890625,229.73623657226562,1147.30419921875,408.3589782714844,0.41839516162872314,0
175,11,1335.9591064453125,392.3746643066406,1457.97265625,629.7811889648438,0.7842115759849548,0
175,345,70.05701446533203,517.4659423828125,180.79615783691406,806.6179809570312,0.8791049122810364,0
175,396,795.5762939453125,220.90765380859375,863.8138427734375,360.8936767578125,0.3050342798233032,0
175,3,1285.5205078125,404.3536682128906,1378.536376953125,640.1463623046875,0.34936365485191345,0
176,1,182.6945037841797,481.73187255859375,294.3840026855469,760.0530395507812,0.8493361473083496,0
176,2,1206.624755859375,433.564208984375,1333.6568603515625,710.3946533203125,0.8295215368270874,0
176,33,930.2106323242188,447.8974914550781,1045.7403564453125,678.6011962890625,0.8417987823486328,0
176,4,1580.7796630859375,350.6883239746094,1676.39208984375,570.08544921875,0.8404927849769592,0
176,182,863.565673828125,230.44793701171875,938.5202026367188,411.1921691894531,0.5027379393577576,0
176,237,399.458984375,442.1912536621094,514.3036499023438,704.43701171875,0.895134687423706,0
176,225,1082.7540283203125,231.63682556152344,1157.8101806640625,409.97857666015625,0.3539726436138153,0
176,11,1343.3970947265625,387.400146484375,1465.165283203125,627.8699951171875,0.7135026454925537,0
176,345,76.68802642822266,521.310791015625,190.36123657226562,814.9729614257812,0.8663400411605835,0
176,396,805.2788696289062,222.5225372314453,873.5851440429688,362.5433044433594,0.3342514932155609,0
176,3,1293.805419921875,402.1138916015625,1387.485595703125,637.3966674804688,0.4771213233470917,0
177,1,192.57125854492188,481.8465270996094,303.7911682128906,757.3659057617188,0.8569899797439575,0
177,2,1208.95751953125,435.4939270019531,1333.0869140625,711.0693359375,0.8231546878814697,0
177,33,940.1216430664062,447.62384033203125,1053.1297607421875,678.5812377929688,0.8436505198478699,0
177,4,1575.6199951171875,361.91766357421875,1669.170166015625,575.07373046875,0.8368468284606934,0
177,182,872.4866333007812,233.0867919921875,946.834716796875,411.3070068359375,0.4245610535144806,0
177,237,404.89556884765625,444.83966064453125,521.8340454101562,704.1392211914062,0.8770534992218018,0
177,225,1095.243408203125,234.0638885498047,1168.2994384765625,409.487548828125,0.35975685715675354,0
177,11,1345.0213623046875,384.7457580566406,1463.119140625,623.2603759765625,0.8022991418838501,0
177,345,85.38079833984375,527.3684692382812,200.36061096191406,820.5355224609375,0.8110659122467041,0
177,396,819.5621337890625,224.00250244140625,887.5914916992188,363.96673583984375,0.29679951071739197,0
177,3,1298.815673828125,402.7098693847656,1391.8504638671875,635.3374633789062,0.6753958463668823,0
178,1,202.46153259277344,484.8869934082031,313.4527587890625,755.9075317382812,0.8626438975334167,0
178,2,1209.9464111328125,437.7450256347656,1332.226318359375,710.6535034179688,0.8642739057540894,0
178,33,950.1036376953125,447.03253173828125,1060.682861328125,678.8629150390625,0.8438997268676758,0
178,4,1572.5399169921875,368.7789001464844,1665.1240234375,576.4892578125,0.8685604333877563,0
178,182,882.2487182617188,236.39215087890625,956.5901489257812,413.65509033203125,0.5322526693344116,0
178,237,412.4549560546875,446.9250183105469,532.6514892578125,704.5997314453125,0.9030643105506897,0
178,225,1106.218017578125,235.59129333496094,1177.9896240234375,410.1417236328125,0.4244912564754486,0
178,11,1343.7178955078125,383.93988037109375,1458.62548828125,618.9583129882812,0.8127927780151367,0
178,345,95.36767578125,533.2693481445312,211.22161865234375,822.98583984375,0.8040138483047485,0
178,396,830.97802734375,225.93099975585938,898.9530639648438,366.05938720703125,0.3454151153564453,0
178,3,1290.1810302734375,400.04437255859375,1386.62890625,635.7525634765625,0.6491393446922302,0
179,1,210.04185485839844,486.5780029296875,321.44879150390625,754.5142822265625,0.858426570892334,0
179,2,1205.5338134765625,439.2074890136719,1328.3447265625,710.2128295898438,0.8621899485588074,0
179,33,959.52978515625,447.18328857421875,1067.29736328125,679.0018310546875,0.8062591552734375,0
179,4,1576.022705078125,374.4870300292969,1668.705078125,576.4552612304688,0.8567808866500854,0
179,182,892.9237060546875,235.58953857421875,968.1580200195312,414.5718688964844,0.23281428217887878,0
179,237,422.1089782714844,448.27783203125,545.3751220703125,704.3666381835938,0.9055578708648682,0
179,225,1117.7579345703125,237.2071990966797,1188.4549560546875,411.3319091796875,0.30115416646003723,0
179,11,1343.425537109375,385.4444580078125,1453.32470703125,612.814208984375,0.7275130152702332,0
179,345,103.11064910888672,537.8761596679688,219.17311096191406,823.2752685546875,0.8154695630073547,0
179,396,844.5621948242188,227.0975341796875,912.3746948242188,367.6466369628906,0.38536790013313293,0
179,3,1288.562744140625,398.22027587890625,1387.3448486328125,633.5052490234375,0.6238273978233337,0
180,1,218.2596435546875,487.12091064453125,331.0521240234375,753.3109741210938,0.8516903519630432,0
180,2,1202.4493408203125,435.3559265136719,1326.991943359375,706.5820922851562,0.8447812795639038,0
180,33,965.193359375,446.9778137207031,1071.8201904296875,680.0364379882812,0.8262156248092651,0
180,4,1582.9212646484375,382.1227722167969,1677.2755126953125,582.4498901367188,0.858990490436554,0
180,182,903.3051147460938,236.03257751464844,979.2164916992188,416.26312255859375,0.4311307668685913,0
180,237,433.1850280761719,448.9042663574219,558.983154296875,703.9547119140625,0.9118186831474304,0
180,225,1128.503662109375,238.34674072265625,1199.15625,414.3732604980469,0.40772688388824463,0
180,11,1340.1282958984375,390.1117248535156,1445.8800048828125,611.9953002929688,0.6975860595703125,0
180,345,113.04145050048828,542.1286010742188,229.53465270996094,821.989501953125,0.7009317874908447,0
180,396,853.4904174804688,229.30101013183594,921.3557739257812,369.6203918457031,0.38075166940689087,0
180,3,1292.1453857421875,400.3325500488281,1390.7783203125,633.1287231445312,0.5050872564315796,0
181,1,224.3473358154297,485.93707275390625,338.2108459472656,751.656494140625,0.8471820950508118,0
181,2,1205.6973876953125,442.94439697265625,1326.0816650390625,702.274169921875,0.8441730737686157,0
181,33,970.5233154296875,448.2569580078125,1075.6109619140625,680.0755615234375,0.8401240706443787,0
181,4,1587.99072265625,386.92059326171875,1681.861083984375,580.9217529296875,0.8765855431556702,0
181,182,913.2639770507812,235.781982421875,989.4296264648438,416.33624267578125,0.62862628698349,0
181,237,442.8821716308594,449.79022216796875,569.8671264648438,702.500732421875,0.8991742730140686,0
181,225,1137.5914306640625,239.8069610595703,1208.032470703125,417.68951416015625,0.33836689591407776,0
181,11,1331.703369140625,394.7002258300781,1434.9356689453125,612.4677124023438,0.6441854238510132,0
181,345,119.76520538330078,542.9752197265625,237.2374725341797,821.1432495117188,0.8564748167991638,0
181,396,866.990478515625,230.22579956054688,933.8697509765625,369.5981750488281,0.3856428861618042,0
181,3,1285.204833984375,401.02496337890625,1386.0606689453125,639.772705078125,0.5566460490226746,0
182,1,228.53794860839844,483.8843078613281,342.5418701171875,748.594482421875,0.8621808886528015,0
182,2,1209.1915283203125,446.3318176269531,1325.6796875,697.7947387695312,0.8410298228263855,0
182,33,973.1921997070312,449.6106262207031,1078.32861328125,681.0805053710938,0.8008153438568115,0
182,4,1592.534912109375,388.7917175292969,1686.88916015625,580.60107421875,0.8681001663208008,0
182,182,924.4806518554688,236.0330352783203,1001.0419311523438,418.49169921875,0.3744106590747833,0
182,237,452.5554504394531,449.6781311035156,580.4763793945312,700.9567260742188,0.8918023705482483,0
182,225,1147.2974853515625,242.28305053710938,1215.9713134765625,417.0682373046875,0.2942751348018646,0
182,11,1317.6470947265625,400.97943115234375,1424.6614990234375,623.091796875,0.6784442067146301,0
182,345,129.3494415283203,543.605712890625,247.84942626953125,820.0733032226562,0.8496819138526917,0
182,396,875.9318237304688,231.46749877929688,942.9325561523438,371.19781494140625,0.3143865466117859,0
182,3,1283.457275390625,403.86236572265625,1380.6923828125,635.3799438476562,0.4849988520145416,0
182,468,1859.61962890625,825.1840209960938,1920.0,1078.358642578125,0.5213388800621033,0
183,1,230.59368896484375,481.79742431640625,344.8287353515625,748.0770263671875,0.8590140342712402,0
183,2,1207.1427001953125,446.5708312988281,1321.264892578125,694.9315795898438,0.7886886596679688,0
183,33,976.2733154296875,450.578857421875,1081.550048828125,681.358154296875,0.8553633093833923,0
183,4,1596.0067138671875,387.95172119140625,1690.8953857421875,581.26513671875,0.8627474904060364,0
183,182,934.1566162109375,237.85304260253906,1010.1189575195312,419.4024353027344,0.3268739581108093,0
183,237,459.75714111328125,449.30645751953125,587.4644165039062,699.2758178710938,0.8867027759552002,0
183,225,1157.510498046875,243.03646850585938,1225.417724609375,417.2418518066406,0.3401685357093811,0
183,11,1327.7222900390625,407.2651062011719,1428.70068359375,619.7518920898438,0.6603067517280579,0
183,345,134.74908447265625,542.876220703125,253.62969970703125,819.1346435546875,0.8525030016899109,0
183,396,887.060791015625,232.2430419921875,953.3140869140625,371.27398681640625,0.21164600551128387,0
183,3,1277.304931640625,410.81640625,1375.70068359375,648.1520385742188,0.6792488694190979,0
183,468,1861.4244384765625,824.129150390625,1920.0,1077.8017578125,0.3617922067642212,0
184,1,231.9856719970703,479.7947082519531,344.6408996582031,745.9833984375,0.7983958721160889,0
184,2,1200.449462890625,446.83367919921875,1313.6707763671875,695.3342895507812,0.7996337413787842,0
184,33,983.0748291015625,451.5810241699219,1088.5760498046875,683.3624267578125,0.7988619208335876,0
184,4,1594.67626953125,386.8739013671875,1688.0274658203125,579.7962646484375,0.8663798570632935,0
184,182,943.8063354492188,240.5790557861328,1019.0007934570312,420.20916748046875,0.3079272508621216,0
184,237,466.3702087402344,447.97027587890625,592.806396484375,697.5086669921875,0.8833587765693665,0
184,225,1166.6834716796875,242.85177612304688,1233.3001708984375,416.6700134277344,0.3584757447242737,0
184,11,1329.2039794921875,413.5548400878906,1427.041259765625,620.7000732421875,0.6444069743156433,0
184,345,137.37774658203125,542.3255615234375,255.77450561523438,817.28076171875,0.8618336915969849,0
184,396,894.9008178710938,233.61756896972656,963.1800537109375,378.4456787109375,0.2330629825592041,0
184,3,1264.84912109375,412.384765625,1364.2838134765625,652.5291748046875,0.568152129650116,0
184,468,1859.24169921875,823.126220703125,1920.0,1079.241455078125,0.7132930755615234,0
185,1,237.51593017578125,479.0484924316406,348.91802978515625,745.4577026367188,0.8421348333358765,0
185,2,1194.598388671875,444.3421630859375,1305.605712890625,692.3353881835938,0.7928320169448853,0
185,33,986.5374755859375,452.6441650390625,1091.8380126953125,682.8547973632812,0.8598729372024536,0
185,4,1591.7816162109375,385.0735168457031,1684.3023681640625,580.3440551757812,0.8479582071304321,0
185,182,951.7274780273438,241.57981872558594,1026.226806640625,420.34759521484375,0.3959178030490875,0
185,237,473.8767395019531,446.801513671875,599.0478515625,695.7760620117188,0.8951243758201599,0
185,225,1176.8966064453125,244.10617065429688,1242.7286376953125,416.2722473144531,0.35761526226997375,0
185,11,1330.67041015625,416.677978515625,1425.7384033203125,620.2085571289062,0.7378523349761963,0
185,345,136.23541259765625,541.3240356445312,255.14845275878906,816.1068115234375,0.8806074261665344,0
185,396,902.7239990234375,235.69046020507812,971.8193969726562,382.7010803222656,0.2752615511417389,0
185,3,1263.9903564453125,429.58221435546875,1358.2689208984375,654.9503784179688,0.6299127340316772,0
185,468,1853.98095703125,819.927734375,1915.891845703125,1077.74462890625,0.7477533221244812,0
186,1,246.4153289794922,478.4866027832031,356.44366455078125,744.8729248046875,0.8791219592094421,0
186,2,1194.639892578125,441.61749267578125,1304.24658203125,691.9029541015625,0.8067010045051575,0
186,33,991.4996948242188,453.94049072265625,1096.8275146484375,683.3240966796875,0.8614280819892883,0
186,4,1591.87939453125,384.3378601074219,1683.66650390625,580.959716796875,0.8362023234367371,0
186,182,959.1415405273438,244.57937622070312,1032.35205078125,420.8221130371094,0.4552646577358246,0
186,237,478.2185974121094,445.62158203125,603.6846923828125,695.1610107421875,0.8783952593803406,0
186,225,1184.4102783203125,245.597412109375,1249.5880126953125,416.6750793457031,0.37843799591064453,0
186,11,1333.197021484375,419.2484436035156,1426.5699462890625,620.5272216796875,0.6553548574447632,0
186,345,134.70721435546875,541.2570190429688,254.6367950439453,814.6141967773438,0.877924382686615,0
186,396,913.9638061523438,236.48326110839844,980.236083984375,378.9935302734375,0.19125361740589142,0
186,3,1267.91357421875,437.3985900878906,1360.58056640625,657.1948852539062,0.6097317934036255,0
186,468,1847.780029296875,817.720703125,1911.3809814453125,1078.956787109375,0.7232419848442078,0
187,1,257.3463134765625,480.4044189453125,365.76824951171875,744.8706665039062,0.8679205775260925,0
187,2,1200.3631591796875,439.4852600097656,1309.37939453125,691.0936889648438,0.609315037727356,0
187,33,996.054931640625,453.5995788574219,1102.102783203125,683.6610717773438,0.85797518491745,0
187,4,1591.1839599609375,385.3965759277344,1684.659912109375,588.4458618164062,0.8373535871505737,0
187,182,967.8474731445312,249.24183654785156,1039.271728515625,420.67706298828125,0.3871467113494873,0
187,237,479.5461120605469,444.4060974121094,606.3763427734375,695.0348510742188,0.877586305141449,0
187,225,1192.088134765625,244.8772735595703,1257.7523193359375,418.88671875,0.33196181058883667,0
187,11,1337.6492919921875,421.6701354980469,1430.0438232421875,620.9091796875,0.6769521832466125,0
187,345,131.82162475585938,543.2814331054688,253.39768981933594,814.2142333984375,0.8985785245895386,0
187,396,922.7175903320312,238.76954650878906,987.6380004882812,378.7016296386719,0.1865416020154953,0
187,3,1273.1988525390625,436.8226623535156,1366.8865966796875,657.1178588867188,0.7363224625587463,0
187,468,1841.2506103515625,814.6052856445312,1907.17626953125,1079.6220703125,0.8154793977737427,0
188,1,266.7707214355469,480.85174560546875,374.50994873046875,743.9124755859375,0.8773683309555054,0
188,2,1204.7640380859375,435.5957336425781,1317.3087158203125,690.2980346679688,0.5736919045448303,0
188,33,1002.8738403320312,452.9139099121094,1108.7640380859375,681.6439208984375,0.8445001840591431,0
188,4,1589.9405517578125,386.7233581542969,1684.6446533203125,594.88525390625,0.8488245606422424,0
188,182,974.5971069335938,252.8205108642578,1044.6177978515625,421.077880859375,0.4194275438785553,0
188,237,477.09246826171875,443.61102294921875,606.123779296875,694.8733520507812,0.8899326920509338,0
188,225,1199.10791015625,248.147216796875,1263.9346923828125,420.0765075683594,0.2927900552749634,0
188,11,1342.1514892578125,423.02447509765625,1434.9583740234375,621.6692504882812,0.6712270379066467,0
188,345,127.91346740722656,545.578369140625,251.96966552734375,813.5773315429688,0.9089488387107849,0
188,396,932.3641357421875,241.30856323242188,995.7884521484375,378.9047546386719,0.15109507739543915,0
188,3,1277.11767578125,432.26373291015625,1372.1378173828125,655.8631591796875,0.7047860622406006,0
188,468,1832.42724609375,811.2725219726562,1901.576171875,1079.823974609375,0.8304246068000793,0
189,1,273.77777099609375,482.45648193359375,380.73779296875,742.5460205078125,0.8735700249671936,0
189,2,1194.5281982421875,437.0010681152344,1307.8740234375,689.9234008789062,0.7435846328735352,0
189,33,1011.4501953125,451.54150390625,1117.063232421875,679.3167724609375,0.8211615085601807,0
189,4,1589.143798828125,391.5709533691406,1682.7967529296875,598.4389038085938,0.8569679260253906,0
189,182,978.9683837890625,251.86331176757812,1049.2327880859375,421.698486328125,0.4437868893146515,0
189,237,475.0195007324219,444.4583740234375,606.3232421875,694.9974365234375,0.892207682132721,0
189,225,1202.336669921875,249.64378356933594,1267.1790771484375,420.6903991699219,0.43866854906082153,0
189,11,1345.1871337890625,423.6297607421875,1439.9776611328125,624.079345703125,0.6888831257820129,0
189,345,128.75881958007812,548.5321655273438,254.63613891601562,812.4467163085938,0.9039354920387268,0
189,396,943.5062255859375,242.63523864746094,1004.4063720703125,376.76806640625,0.1492815762758255,0
189,3,1275.3045654296875,420.1728820800781,1373.521728515625,653.3276977539062,0.7383697032928467,0
189,468,1810.91162109375,810.3326416015625,1885.8702392578125,1080.0,0.8679417967796326,0
190,1,279.10211181640625,483.55694580078125,386.0179748535156,742.78515625,0.886277437210083,0
190,2,1185.8389892578125,439.4659729003906,1300.9837646484375,690.555419921875,0.8064223527908325,0
190,33,1018.4633178710938,451.2676086425781,1124.34423828125,679.6414794921875,0.8194881081581116,0
190,4,1587.8709716796875,398.83795166015625,1680.7989501953125,604.44775390625,0.8574599623680115,0
190,182,982.0309448242188,253.26889038085938,1052.503173828125,424.3394470214844,0.4978164732456207,0
190,237,473.0991516113281,445.7691345214844,606.7366943359375,695.3609008789062,0.8899729251861572,0
190,225,1205.9901123046875,252.0174102783203,1271.327880859375,422.6707458496094,0.43539565801620483,0
190,11,1347.2646484375,423.1417236328125,1444.0224609375,624.4419555664062,0.6069461703300476,0
190,345,130.66188049316406,551.5234375,259.6617431640625,812.8518676757812,0.9051045775413513,0
190,3,1275.264892578125,422.43359375,1371.9945068359375,652.9452514648438,0.6816199421882629,0
190,468,1797.5299072265625,811.681396484375,1878.471923828125,1080.0,0.8658496141433716,0
191,1,284.41290283203125,484.2100830078125,390.5651550292969,741.636474609375,0.8919687271118164,0
191,2,1183.771728515625,443.041015625,1299.4344482421875,690.448486328125,0.8573684096336365,0
191,33,1025.94921875,451.3664855957031,1131.0782470703125,679.06640625,0.7872387170791626,0
191,4,1585.69287109375,406.2460021972656,1677.3984375,608.6285400390625,0.8688767552375793,0
191,182,986.292724609375,254.16372680664062,1056.7723388671875,426.2637634277344,0.385696679353714,0
191,237,471.2630920410156,446.68560791015625,606.9468994140625,695.03857421875,0.9026674628257751,0
191,225,1212.0303955078125,253.4438018798828,1277.552734375,423.5733337402344,0.351257860660553,0
191,11,1347.52978515625,420.7259826660156,1447.5228271484375,624.7439575195312,0.5502012968063354,0
191,345,132.81527709960938,554.0757446289062,266.3063659667969,815.1246948242188,0.908821702003479,0
191,3,1275.427978515625,431.2713623046875,1367.86083984375,652.1807250976562,0.7007213830947876,0
191,468,1793.2972412109375,814.85693359375,1878.6990966796875,1079.9830322265625,0.7769856452941895,0
192,1,288.0927734375,484.4344787597656,392.146728515625,738.360107421875,0.8779162168502808,0
192,2,1184.46044921875,445.1052551269531,1300.6422119140625,689.8544311523438,0.8462250828742981,0
192,33,1030.9696044921875,451.5513610839844,1135.2120361328125,677.5204467773438,0.8444229364395142,0
192,4,1584.20751953125,413.687744140625,1674.9774169921875,612.8013305664062,0.8420337438583374,0
192,182,991.2757568359375,256.222900390625,1060.4437255859375,426.4433288574219,0.3665243685245514,0
192,237,470.1749572753906,447.8123779296875,607.5277099609375,695.1619873046875,0.9103966951370239,0
192,225,1216.02392578125,254.8298797607422,1281.6243896484375,424.8318176269531,0.34051966667175293,0
192,11,1347.4681396484375,420.5665588378906,1448.0086669921875,620.9600830078125,0.5493479371070862,0
192,345,134.1675262451172,558.3986206054688,273.2503662109375,820.9647827148438,0.9094475507736206,0
192,3,1272.512451171875,431.6604309082031,1362.5443115234375,648.1510620117188,0.6337409019470215,0
192,468,1784.563720703125,816.8226318359375,1872.6578369140625,1079.6898193359375,0.7493821978569031,0
192,490,1268.25732421875,421.162841796875,1327.386962890625,548.6226196289062,0.45525050163269043,0
193,1,290.0169677734375,483.9634094238281,391.6830139160156,735.0216674804688,0.8651607632637024,0
193,2,1186.103515625,446.1376953125,1301.723388671875,687.6843872070312,0.8462347388267517,0
193,33,1037.073486328125,451.57952880859375,1140.360107421875,676.6953125,0.8358315229415894,0
193,4,1580.8695068359375,418.2168884277344,1672.465087890625,618.3941650390625,0.8561789989471436,0
193,182,994.4382934570312,257.04345703125,1063.1805419921875,427.6095275878906,0.41796639561653137,0
193,237,470.3388366699219,448.9161071777344,608.6290283203125,694.8790283203125,0.904800295829773,0
193,225,1219.91650390625,256.8894348144531,1285.171875,425.4906311035156,0.3704608678817749,0
193,11,1345.2723388671875,421.4550476074219,1445.903076171875,618.2359008789062,0.6255999207496643,0
193,345,137.9636993408203,562.2000732421875,281.5379333496094,825.361083984375,0.9065166711807251,0
193,3,1265.1590576171875,433.3429870605469,1356.9310302734375,655.1414794921875,0.6975842714309692,0
193,468,1773.953125,816.2938232421875,1863.58154296875,1079.176513671875,0.8268755078315735,0
193,490,1263.2100830078125,423.201904296875,1322.6016845703125,550.958251953125,0.3327096402645111,0
194,1,290.40582275390625,481.5947570800781,390.129150390625,732.5650634765625,0.8451263904571533,0
194,2,1185.4666748046875,446.2518615722656,1299.030517578125,683.864501953125,0.8294970989227295,0
194,33,1041.4815673828125,452.046142578125,1144.015869140625,677.0266723632812,0.8374509215354919,0
194,4,1575.3753662109375,420.83795166015625,1669.135498046875,625.7911376953125,0.8473918437957764,0
194,182,999.0325927734375,256.7454833984375,1067.0904541015625,427.96209716796875,0.357481986284256,0
194,237,471.0996398925781,450.0229187011719,608.8822021484375,693.2128295898438,0.8990606665611267,0
194,225,1223.7532958984375,259.9556579589844,1288.3890380859375,426.0098876953125,0.46448251605033875,0
194,11,1339.5921630859375,426.6311950683594,1438.072021484375,615.52099609375,0.608773410320282,0
194,345,143.49168395996094,567.0598754882812,289.3503723144531,826.3416748046875,0.9077683091163635,0
194,3,1260.230712890625,432.73199462890625,1354.6390380859375,659.20166015625,0.7302722930908203,0
194,468,1756.322509765625,813.4966430664062,1847.2584228515625,1078.4344482421875,0.7738149762153625,0
194,490,1258.4613037109375,423.8298645019531,1316.5943603515625,548.5531616210938,0.22235986590385437,0
195,1,289.516845703125,480.93011474609375,387.67877197265625,733.7649536132812,0.8443574905395508,0
195,2,1182.8306884765625,445.0613098144531,1295.0247802734375,682.5606689453125,0.8271198272705078,0
195,33,1044.9564208984375,451.9401550292969,1146.9949951171875,677.4141235351562,0.8065831065177917,0
195,4,1572.44091796875,421.6400451660156,1666.1444091796875,627.5267944335938,0.8598902821540833,0
195,182,1003.192626953125,258.0094299316406,1070.304443359375,429.0495910644531,0.27962398529052734,0
195,237,474.29022216796875,449.89642333984375,610.282958984375,690.0465087890625,0.8941948413848877,0
195,225,1226.40673828125,260.9357604980469,1290.9190673828125,426.26983642578125,0.2983556091785431,0
195,11,1327.958984375,421.752685546875,1431.5924072265625,618.5131225585938,0.6034177541732788,0
195,345,148.7853546142578,572.5156860351562,296.5479736328125,826.8400268554688,0.9006775617599487,0
195,3,1257.8282470703125,435.8131408691406,1352.39990234375,661.7904663085938,0.5927454233169556,0
195,468,1743.5218505859375,809.4857788085938,1835.8243408203125,1078.085205078125,0.5889895558357239,0
195,490,1248.409912109375,425.3247985839844,1319.373291015625,579.0130004882812,0.24520929157733917,0
196,1,289.9287109375,480.87249755859375,386.2040100097656,734.5135498046875,0.8481127619743347,0
196,2,1179.62255859375,441.9200134277344,1290.6116943359375,682.1485595703125,0.7746066451072693,0
196,33,1049.0235595703125,452.8647766113281,1149.961181640625,677.4005737304688,0.8226809501647949,0
196,4,1570.8858642578125,421.9705810546875,1664.8558349609375,631.1585693359375,0.8404657244682312,0
196,182,1006.6263427734375,258.61669921875,1071.8319091796875,425.8381652832031,0.27724602818489075,0
196,237,477.408447265625,448.8990478515625,612.3263549804688,688.4916381835938,0.8918336629867554,0
196,225,1228.1119384765625,261.28656005859375,1292.91943359375,427.2663269042969,0.3113711178302765,0
196,11,1315.966796875,418.10736083984375,1428.392822265625,631.3951416015625,0.6334584951400757,0
196,345,154.29287719726562,577.1798095703125,303.3204040527344,825.972412109375,0.8965575695037842,0
196,3,1253.91796875,437.6108703613281,1348.2706298828125,661.6027221679688,0.5107830762863159,0
196,468,1731.830322265625,805.044189453125,1826.6356201171875,1078.5885009765625,0.7311419248580933,0
196,490,1240.5291748046875,425.3687438964844,1318.256591796875,596.2704467773438,0.2414967566728592,0
